"","biomass","Plant.moisture.use.gs","Plant.moisture.use.sh","Plant.moisture.use.f","Plant.tolerance.to.fire.gs","Plant.tolerance.to.fire.sh","Plant.tolerance.to.fire.f","Plant.tolerance.to.drought.gs","Plant.tolerance.to.drought.sh","Plant.tolerance.to.drought.f","Plant.tolerance.to.waterlogging.gs","Plant.tolerance.to.waterlogging.sh","Plant.tolerance.to.waterlogging.f","Plant.resprouting.capacity.after.disturbances.gs","Plant.resprouting.capacity.after.disturbances.sh","Plant.resprouting.capacity.after.disturbances.f","Leaf.dry.matter.content..LDMC..gs","Leaf.dry.matter.content..LDMC..sh","Leaf.dry.matter.content..LDMC..f","Leaf.nitrogen..N..content.per.dry.mass.gs","Leaf.nitrogen..N..content.per.dry.mass.sh","Leaf.nitrogen..N..content.per.dry.mass.f","Leaf.specific.area..SLA..gs","Leaf.specific.area..SLA..sh","Leaf.specific.area..SLA..f","Plant.height.vegetative.gs","Plant.height.vegetative.sh","Plant.height.vegetative.f","Plant.growth.rate.gs","Plant.growth.rate.sh","Plant.growth.rate.f","Woodiness.gs","Woodiness.sh","Woodiness.f","realtrend","sppcount","GS","weighted.shannon","NonVasc","Gram","Forb","EG_Shrub","Dec_Shrub","Tree","DW","Bare","pftcount","GS_means","Achillea.millefolium","Achillea.sibirica","Aconogonon.alaskanum","Agropyron.sp.","Agrostis.clavata","Agrostis.scabra","Agrostis.sp.","Alisma.plantago.aquatica","Alnus.incana","Alnus.viridis","Alopecurus.aequalis","Andromeda.polifolia","Anemone.quinquefolia","Arctagrostis.latifolia","Arctophila.fulva","Arctostaphylos.alpina","Arctostaphylos.rubra","Arctostaphylos.uva.ursi","Argentina.anserina","Artemisia.tilesii","Aster.sibiricus","Astragalus.sp.","Beckmannia.sp.","Beckmannia.syzigachne","Betula.hybrid","Betula.nana","Betula.neoalaskana","Bidens.cernua","Bromus.ciliatus","Bromus.pumpellianus","Calamagrostis.canadensis","Calamagrostis.lapponica","Calamagrostis.purpurascens","Calamagrostis.sp.","Calamagrostis.stricta","Calla.palustris","Callitriche.palustris","Caltha.natans","Caltha.palustris","Carex.aquatilis","Carex.atherodes","Carex.aurea","Carex.bebbii","Carex.bigelowii","Carex.canescens","Carex.capillaris","Carex.chordorrhiza","Carex.concinna","Carex.diandra","Carex.gynocrates","Carex.interior","Carex.limosa","Carex.lugens","Carex.norvegica","Carex.sartwellii","Carex.sp.","Carex.sychnocephala","Carex.tenuiflora","Carex.utriculata","Castilleja.caudata","Cerastium.arvense","Cerastium.nutans","Ceratophyllum.demersum","Chamaedaphne.calyculata","Chamerion.angustifolium","Chenopodium.album","Chenopodium.rubrum","Chrysoplenium.tetrandrum","Cicuta.bulbifera","Cicuta.douglasii","Cicuta.virosa","Comarum.palustre","Cornus.sericea","Crepis.tectorum","Dasiphora.fruticosa","Delphinium.glaucum","Deschampsia.caespitosa","Descurainia.sophioides","Drosera.anglica","Drosera.linearis","Drosera.rotundifolia","Eleocharis.acicularis","Eleocharis.palustris","Eleocharis.sp.","Empetrum.nigrum","Epilobium.ciliatum","Epilobium.palustre","Equisetum.arvense","Equisetum.fluviatile","Equisetum.hyemale","Equisetum.palustre","Equisetum.pratense","Equisetum.scirpoides","Equisetum.sylvaticum","Erigeron.acris","Erigeron.lonchophyllus","Eriophorum","Eriophorum.angustifolium","Eriophorum.brachyantherum","Eriophorum.gracile","Eriophorum.russeolum","Eriophorum.scheuchzeri","Eriophorum.vaginatum","Erysimum.cheiranthoides","Fragaria.virginiana","Galium.boreale","Galium.trifidum","Gentianella.propinqua","Geocaulon.lividum","Geum.aleppicum","Geum.macrophyllum","Geum.rivale","Geum.sp.","Glyceria.borealis","Glyceria.grandis","Glyceria.maxima","Glyceria.pulchella","Glyceria.sp.","Hedysarum.alpinum","Hippuris.vulgaris","Hordeum.jubatum","Iris.setosa","Juncus.arcticus","Juncus.balticus","Ledum.groenlandicum","Ledum.palustre","Lemna.minor","Lichen","Linnaea.borealis","Liverwort","Lycopodium.annotinum","Lysimachia.thyrsiflora","Malaxis.monophyllos","Mentha.arvensis","Menyanthes.trifoliata","Mertensia.paniculata","Moehringia.lateriflora","Moneses.uniflora","Moss","Myrica.gale","Myriophyllum.spicatum","Nuphar.lutea","Nymphaea.tetragona","Orthilia.secunda","Parnassia.palustris","Pedicularis.labradorica","Persicaria.lapathifolia","Petasites.frigidus","Petasites.sagittatus","Picea.glauca","Picea.mariana","Plantago.major","Platanthera.hyperborea","Platanthera.obtusata","Platanthera.sp.","Poa.artica","Poa.glauca","Poa.palustris","Polemonium.boreale","Polygonum.amphibium","Polygonum.lapathifolium","Polygonum.pensylvanicum","Polygonum.sp.","Polygonum.viviparum","Populus.balsamifera","Populus.tremuloides","Potamogeton.gramineus","Potamogeton.perfoliatus","Potamogeton.sp.","Potentilla.anserina.anserina","Potentilla.gracilis","Potentilla.hookeriana","Potentilla.norvegica","Potentilla.pensylvanica","Pyrola.asarifolia","Ranunculus.gmelinii","Ranunculus.macounii","Ranunculus.pensylvanicus","Ranunculus.sceleratus","Ranunculus.sp.","Rhinanthus.minor","Ribes.hudsonianum","Ribes.triste","Rorippa.islandica","Rorippa.palustris","Rosa.acicularis","Rubus.arcticus","Rubus.chamaemorus","Rubus.pubescens","Rumex.acetosella","Rumex.aquaticus","Rumex.arcticus","Rumex.crispa","Rumex.maritimus","Rumex.occidentalis","Rumex.sp.","Sagittaria.cuneata","Salix.alaxensis","Salix.arbusculoides","Salix.bebbiana","Salix.candida","Salix.glauca","Salix.hastata","Salix.interior","Salix.lucida","Salix.myrtillifolia","Salix.niphoclada","Salix.pseudomonticola","Salix.pseudomyrsinites","Salix.pulchra","Salix.scouleriana","Salix.sp.","Sanguisorba.officinalis","Scheuchzeria.palustris","Schoenoplectus.tabernaemontani","Scirpus.lacustris","Scirpus.sp.","Scolochloa.festucacea","Scutellaria.galericulata","Senecio.congestus","Senecio.sp.","Shepherdia.canadensis","Sium.suave","Solidago.canadensis","Solidago.multiradiata","Solidago.sp.","Sparganium.angustifolium","Sparganium.hyperboreum","Sparganium.natans","Sparganium.sp.","Sphagnum.sp.","Spiranthes.romanzoffiana","Stachys.palustris","Stellaria.calycantha","Stellaria.crassifolia","Stellaria.longifolia","Stellaria.longipes","Stellaria.media","Stuckenia.filiformis","Symphyotrichum.boreale","Symphyotrichum.ciliatum","Symphyotrichum.falcatum","Symphyotrichum.puniceum","Tilingia.ajanensis","Triglochin","Triglochin.maritimum","Triglochin.palustre","Typha.lateralis","Typha.latifolia","Unknown","Unknown.forb","Unknown.graminoid","Unknown.rush","Urtica.dioica","Utricularia.intermedia","Utricularia.macrorhiza","Utricularia.minor","Utricularia.sp.","Vaccinium.oxycoccos","Vaccinium.uliginosum","Vaccinium.vitis.idaea","Valeriana.capitata","Veronica.americana","Viburnum.edule","Zigadenus.elegans","trend","slope","mse_cv","less.than.50","less.than.25","less.than.10","fire.ordinal","GS_rao","SH_rao","F_rao","GS_rao_impspp","SH_rao_impspp","F_rao_impspp","realshrink","Leaf.dry.matter.content..LDMC..gs.impspp","Leaf.dry.matter.content..LDMC..sh.impspp","Leaf.dry.matter.content..LDMC..f.impspp","Leaf.nitrogen..N..content.per.dry.mass.gs.impspp","Leaf.nitrogen..N..content.per.dry.mass.sh.impspp","Leaf.nitrogen..N..content.per.dry.mass.f.impspp","Leaf.specific.area..SLA..gs.impspp","Leaf.specific.area..SLA..sh.impspp","Leaf.specific.area..SLA..f.impspp","Plant.height.vegetative.gs.impspp","Plant.height.vegetative.sh.impspp","Plant.height.vegetative.f.impspp","Plant.growth.rate.gs.impspp","Plant.growth.rate.sh.impspp","Plant.growth.rate.f.impspp","Woodiness.gs.impspp","Woodiness.sh.impspp","Woodiness.f.impspp","Plant.moisture.use.gs.impspp","Plant.moisture.use.sh.impspp","Plant.moisture.use.f.impspp","Plant.tolerance.to.fire.gs.impspp","Plant.tolerance.to.fire.sh.impspp","Plant.tolerance.to.fire.f.impspp","Plant.tolerance.to.drought.gs.impspp","Plant.tolerance.to.drought.sh.impspp","Plant.tolerance.to.drought.f.impspp","Plant.tolerance.to.waterlogging.gs.impspp","Plant.tolerance.to.waterlogging.sh.impspp","Plant.tolerance.to.waterlogging.f.impspp","Plant.resprouting.capacity.after.disturbances.gs.impspp","Plant.resprouting.capacity.after.disturbances.sh.impspp","Plant.resprouting.capacity.after.disturbances.f.impspp","cwmscores"
"1",102.578431372549,2.9375,2.73584905660377,2.62087912087912,1.375,1.25471698113208,1.26923076923077,0.6528125,1.00665094339623,1.37478021978022,2.75,2.37943396226415,1.79543956043956,0.0625,0.183962264150943,0.478021978021978,0.22255434275,0.293905272495283,0.304670544626374,20.766892993375,20.4074317074151,16.7939038461538,22.4444194105937,19.523058212434,15.9778925310604,1.15540375,3.05586981132075,5.01391472527472,2.375,2.31603773584906,2.44505494505494,0.0625,0.245283018867925,0.634615384615385,"fluct",13,1,0.141232797374056,1,1,1,0,1,0,1,1,6,5,0,0,0,0,0,0,0,0,1,0,0,0,0,0,0,0,0,0,0,0,0,0,0,0,0,0,1,0,0,0,0,0,0,0,0,1,0,0,0,0,0,0,0,0,1,0,0,0,1,0,0,0,0,0,0,0,0,0,0,0,0,0,0,0,0,0,0,0,0,0,0,1,0,0,0,0,0,0,0,0,0,0,0,0,0,0,0,0,0,0,0,0,0,0,0,0,0,0,0,0,0,0,0,0,0,0,0,0,0,0,0,0,0,0,0,0,0,0,0,1,0,0,0,0,0,0,0,0,0,0,0,0,0,0,0,1,0,0,1,0,0,0,0,0,0,0,0,0,0,1,0,0,0,0,0,0,0,0,0,0,0,0,0,0,0,0,0,0,0,0,0,0,1,0,0,0,0,0,0,0,0,0,0,0,0,0,0,0,0,0,0,0,0,0,0,0,0,0,0,0,0,0,0,0,0,0,0,0,0,0,0,0,0,0,0,0,0,0,0,0,0,0,0,0,0,0,0,0,0,0,0,0,0,1,0,0,1,0,0,0,0,0,0,0,0,0,0,0,0,0,0,0,0,0,0,0,0,0,0,0,0,0,0,0,0,0,-0.0131171725234728,0.0703980943460517,0,0,0,3,30.423684283854,9.8378341412141,8.02144133979183,4.12601441407223,0.0783282958850806,0.499500389118214,0,0.1707018968,0.22315,0.28990803,24.04,18.8203463064444,20.9571428571429,30.7700500402,21.4579084844444,20.4316271659286,0.4615,0.473555555555556,1.41681428571429,2.6,2.55555555555556,2.64285714285714,0,0,0.482142857142857,3,2.88888888888889,2.21428571428571,0.6,2.05555555555556,1.82142857142857,0.4,0.333333333333333,1.51428571428571,3,2.88888888888889,2.48928571428571,0,0,0.214285714285714,-16.0164435315405
"2",87.290274684484,2.55737704918033,2.53846153846154,2.53763440860215,1.04918032786885,1.23076923076923,0.951612903225806,0.855,0.686538461538462,1.68397849462366,2.51024590163934,2.43346153846154,1.63548387096774,0.131147540983607,0.0769230769230769,0.494623655913978,0.279087771196721,0.295931376423077,0.386794478236559,20.0459582518852,19.9391246966923,15.6357688172043,25.5601497311393,23.1185604845769,13.7671778883495,1.46843344262295,0.857672307692308,7.64449677419355,2.30327868852459,2.23076923076923,1.98387096774194,0.155737704918033,0.153846153846154,0.85752688172043,"shrink",57,1,0.908069083658219,1,1,1,0,1,1,1,1,7,28.5,0,0,0,0,0,0,0,0,0,0,0,0,0,0,0,0,0,0,0,0,0,0,0,1,0,0,0,1,0,0,1,0,0,0,0,0,0,0,0,0,0,0,0,0,0,0,0,0,0,0,0,0,0,0,0,0,0,0,1,0,1,1,0,0,1,0,0,0,0,0,1,1,0,0,0,0,0,0,0,0,0,0,1,0,0,0,0,0,0,1,0,1,0,0,0,0,0,0,0,0,0,0,0,0,0,0,0,0,1,0,0,0,0,0,0,0,0,0,0,1,1,0,0,0,0,0,0,0,0,0,0,0,0,0,0,0,0,0,1,0,0,0,0,0,0,0,0,0,0,0,0,0,0,0,0,0,0,1,0,0,0,0,1,0,0,0,0,0,0,0,1,0,1,0,0,0,0,0,0,0,0,0,0,1,0,0,1,0,0,0,0,0,0,1,0,0,0,0,0,1,1,0,0,0,0,0,0,0,0,0,0,0,0,0,0,1,0,0,1,1,0,0,0,0,0,0,1,0,0,0,0,0,0,0,0,0,0,0,0,0,0,0,0,0,0,0,0,0,1,0,0,0,0,0,0,0,0,0,0,0,0,0,0,0,0,1,-0.00790064656508809,0.00933189659068486,0,0,0,3,9.97195301506242,25.614697027587,0.0761927618634093,0.669955999228783,2,0,0,0.213274357818182,0.30844,0,22.7620909090909,15.83,0,27.1395526694545,22.3333333333333,0,0.723409090909091,0.479166666666667,0,2.45454545454545,2.33333333333333,0,0,0,0,2.63636363636364,2.66666666666667,0,0.772727272727273,1,0,0.947272727272727,0.588333333333333,0,2.63636363636364,1.66666666666667,0,0,0,0,-12.6204121662509
"3",79.765513733469,2.75,2.48936170212766,2.5,1,1.09574468085106,1.25,0.773333333333333,1.22276595744681,1.36111111111111,2.58333333333333,2.00989361702128,2.05555555555556,0.125,0.382978723404255,0.333333333333333,0.295506095395833,0.347419979340426,0.324590504069444,20.0422489673333,18.8993114159149,19.2507146503056,26.1487118962187,20.8389947335106,20.576384977375,1.56438166666667,2.03474638297872,1.71268888888889,2.33333333333333,2.4468085106383,2.55555555555556,0.125,0.425531914893617,0.333333333333333,"stable",46,1,0.511331138053469,1,1,1,0,1,0,1,0,5,18.75,0,1,0,0,0,0,0,0,0,0,0,0,0,0,0,0,0,0,0,1,0,0,0,0,0,0,1,0,0,0,1,0,0,0,0,1,0,0,0,1,0,0,0,0,0,0,0,0,0,0,0,0,0,0,0,0,0,0,1,0,0,0,0,0,1,0,0,0,0,0,0,1,0,0,0,0,0,0,0,0,0,0,0,0,0,0,0,0,0,0,0,0,0,0,0,0,0,0,0,0,0,0,0,1,0,0,1,0,0,0,1,0,0,0,0,0,0,0,0,1,0,0,0,0,0,0,0,0,0,0,0,0,0,0,0,1,1,0,0,0,0,0,0,0,0,0,0,0,0,0,0,0,0,0,0,0,0,0,0,0,0,0,0,0,0,0,0,0,0,0,0,0,1,0,0,0,0,0,0,0,0,0,0,1,0,1,1,0,0,0,0,1,0,0,0,0,0,0,0,0,0,0,0,0,0,0,0,0,1,1,0,0,0,0,0,0,0,1,1,0,0,0,0,0,0,0,0,0,0,0,0,0,0,0,0,0,0,0,0,0,0,0,0,0,0,0,0,0,0,0,0,0,0,0,0,0,0,0,0,0,0,0,0,0,0,0,-0.00698384334146297,0.0104950857791326,1,1,0,1,4.80675347916113,5.50803617177388,2.10151796363197,0.225484035387124,0,0,0,0.266755242,0,0,24.385,0,0,24.3838849205,0,0,1.040056,0,0,2.5,0,0,0,0,0,3,0,0,1.25,0,0,1,0,0,3,0,0,0,0,0,-11.7120740664288
"4",81.0561139028476,2.73419778102814,2.33333333333333,2.66810344827586,1.05560536069395,1,1.14008620689655,0.597461552859444,1.635,1.07952586206897,2.51255553262168,1.87333333333333,1.949375,0.10124707046696,0.333333333333333,0.349137931034483,0.283854941111066,0.437967261333333,0.367808408010776,19.7943057224355,13.8333333333333,16.9405909475366,23.5463369527252,12.6810335195,15.0472095010797,1.07570694851053,5.6544,3.4812775862069,2.25106156524488,2,2.20474137931034,0.117428004788853,0.833333333333333,0.648706896551724,"stable",8,1,0.213745240040089,1,1,1,0,1,0,1,0,5,4.5,0,0,0,0,0,0,0,0,1,0,0,0,0,0,0,0,0,0,0,0,0,0,0,0,0,0,0,0,0,0,1,0,0,0,0,0,0,0,0,1,0,0,0,0,0,0,0,0,0,0,0,0,0,0,0,0,0,0,1,0,0,0,0,0,0,0,0,0,0,0,0,1,0,0,0,0,0,0,0,0,0,0,0,0,0,0,0,0,1,0,0,0,0,0,0,0,0,0,0,0,0,0,0,0,0,0,0,0,0,0,0,0,0,0,0,0,0,0,0,1,0,0,0,0,0,0,0,0,0,0,0,0,0,0,0,0,0,0,0,0,0,0,0,0,0,0,0,0,0,0,0,0,0,0,0,0,0,0,0,0,0,0,0,0,0,0,0,0,0,0,0,0,0,0,0,0,0,0,0,0,0,0,0,0,0,0,0,0,0,0,0,0,0,0,0,0,0,0,0,0,0,0,0,0,0,0,0,0,0,1,0,0,0,0,0,0,0,0,0,0,0,0,0,0,0,0,0,0,0,0,0,0,0,0,0,0,0,0,0,0,0,0,0,0,0,0,0,0,0,0,0,0,0,0,0,0,0,0,0,0,0,0,0,0,0,0,-0.00264632299676415,0.00526962588008088,1,1,0,1,15.4582632409079,6.77885758522398,2.45398777051094,0,0,0.00329828901257473,0,0,0,0.307231322666667,0,0,28.2666666666667,0,0,15.9695165943333,0,0,2.29226666666667,0,0,3,0,0,0.333333333333333,0,0,3,0,0,2,0,0,0.666666666666667,0,0,3,0,0,0.333333333333333,23.1407946123868
"5",84.3097199341021,2.81428571428571,2.74242424242424,2.58229204201787,1.04285714285714,1.50378787878788,1.24704287042121,0.677928571428571,1.01924242424242,1.38013960705613,2.461,2.16231060606061,1.79058919676352,0.271428571428571,0.378787878787879,0.444327888825243,0.284583747828571,0.357757917935606,0.350014658787753,22.8210688018071,22.2319349331212,17.3165265757204,22.3615693507071,16.9161283534962,15.8178305166461,2.37926285714286,5.25987,5.36147282767742,2.34285714285714,2.5530303030303,2.30117428593711,0.357142857142857,0.581439393939394,0.660659003026396,"stable",53,1,0.17736090667215,1,1,1,0,1,0,1,1,6,11.66666667,0,0,0,0,0,0,0,0,1,0,0,0,0,0,0,0,0,0,0,0,0,0,0,0,0,0,0,0,0,0,1,0,0,0,0,1,0,0,0,1,0,0,0,0,0,0,0,0,0,0,0,0,0,0,0,0,0,0,1,0,0,0,0,0,1,0,0,0,0,1,0,1,0,0,0,0,0,0,0,0,0,0,1,0,0,0,0,1,1,0,0,0,0,0,0,0,0,0,0,0,0,0,0,0,0,0,1,0,0,0,1,0,0,0,0,0,0,0,0,1,0,0,0,0,0,0,1,0,0,0,0,0,0,0,0,1,1,0,1,0,0,0,0,0,0,0,0,0,0,0,0,0,0,0,0,0,0,0,0,0,0,0,0,0,0,0,0,0,0,0,0,0,0,0,0,1,0,0,0,0,0,0,0,1,0,1,1,0,0,0,0,1,0,0,0,0,0,0,0,1,0,0,1,0,0,0,0,0,0,1,0,0,0,0,0,0,0,0,1,0,0,0,1,0,0,0,0,0,0,0,0,0,0,0,0,0,0,0,0,0,0,0,0,0,0,0,0,1,1,0,0,0,0,1,0,0,0,0,0,0,0,0,0,0,0,0,-0.00364424782432518,0.00597724487350681,1,1,1,0,19.6531084130882,7.38462622726728,8.24726046755122,1.5347421615904,0.142087540348959,0,0,0.355940921529412,0.540148660869565,0,27.2117647058824,23.3376265726957,0,23.2446035061176,16.2093892482174,0,4.88844705882353,14.5158782608696,0,2.35294117647059,2.82608695652174,0,0.352941176470588,0.91304347826087,0,2.88235294117647,3,0,1.23529411764706,2.8695652173913,0,0.73764705882353,1.2745652173913,0,2.20823529411765,1.62239130434783,0,0.352941176470588,0.91304347826087,0,-12.5860957754201
"6",81.5302637460885,2.64285714285714,2.6530612244898,2.5,1.16517857142857,1.44897959183673,1.17391304347826,0.2140625,1.28877551020408,1.33086956521739,2.6284375,1.90244897959184,1.81641304347826,0.0982142857142857,0.448979591836735,0.478260869565217,0.293888877486607,0.331940653244898,0.295124074347826,19.5813110011875,21.1775510204082,21.6902173913044,23.6893138435268,15.2599567232857,15.7393260909674,0.880714642857143,5.29655510204082,4.93982173913044,1.92857142857143,2.56122448979592,2.48913043478261,0.104910714285714,0.602040816326531,0.668478260869565,"stable",53,1,0.682118201165773,1,1,1,1,1,1,1,1,8,42,0,0,0,0,0,0,0,0,0,0,0,0,0,0,0,0,0,0,0,0,0,0,0,0,0,0,0,0,0,0,1,0,0,0,0,0,0,0,0,0,0,0,0,0,1,0,0,0,1,0,0,1,0,0,0,0,0,0,0,0,0,0,0,0,0,0,0,0,0,0,0,1,0,0,0,0,0,0,0,0,0,0,0,0,0,0,0,0,1,0,0,0,0,0,0,0,0,0,0,1,0,0,0,0,0,0,1,0,0,0,0,0,0,0,0,0,0,0,0,0,0,0,0,0,0,0,0,0,0,0,0,0,0,0,1,0,0,0,0,0,0,0,0,0,0,0,0,0,0,0,0,0,0,0,0,0,0,0,0,0,0,0,0,0,0,0,0,0,0,0,0,0,0,1,0,0,0,0,0,0,0,0,0,0,0,0,1,0,0,0,0,1,0,0,0,0,0,0,0,1,0,0,0,0,0,1,0,1,0,1,0,0,0,0,0,0,0,0,1,0,0,0,1,0,0,0,0,0,0,0,0,0,0,0,0,0,0,0,0,0,0,0,0,0,0,0,0,0,1,0,0,0,0,0,0,0,0,0,0,0,0,0,0,0,0,0,0.00189052532088353,0.0116164269885231,1,1,1,0,8.0746883067932,8.49818809745332,11.9150083786099,0.197400356905721,0.0890538033395176,0.108,0,0.537417460714286,0.548275822428571,0.247647113,22.275,23.6285714285714,27.65,28.9321188209286,17.8637888197143,21.27752593025,3.75048571428571,15.2225142857143,0.75875,1.71428571428571,2.85714285714286,2.75,0.642857142857143,1,0.1875,2.64285714285714,3,2.5,1.07142857142857,2.78571428571429,1.5,0.741785714285714,1.25857142857143,1.51,1.5275,1.54428571428571,2.6925,0.642857142857143,1,0,-13.599835869817
"7",85.4052015604681,2.71621621621622,2.625,2.675,1.18243243243243,1.375,1.2375,0.349459459459459,0.9375,1.31075,2.60810810810811,2.125,1.53225,0.0540540540540541,0.25,0.475,0.239509864864865,0.329406229875,0.3847680458,21.3753339358243,16.813713906375,13.56125,19.1232395034527,18.5283369019375,10.9680418843,0.799297297297297,3.655125,8.698603,2.36486486486486,2.5,2.275,0.0540540540540541,0.375,0.825,"stable",39,1,0.907121673080587,1,1,1,0,1,1,1,1,7,22,0,0,0,0,0,0,0,0,0,0,0,0,0,0,0,0,0,0,0,0,0,0,0,0,0,0,0,0,0,0,0,0,0,1,0,0,0,0,0,1,0,0,0,0,0,0,0,0,0,0,0,0,0,0,0,0,0,0,0,0,0,0,0,0,0,0,0,0,0,0,0,1,0,0,0,0,0,0,0,0,0,0,1,0,0,0,0,0,0,1,0,0,1,0,0,0,0,0,0,0,0,0,0,0,0,0,0,0,0,1,0,0,0,0,0,0,0,1,0,1,0,0,0,0,0,0,0,0,0,0,0,0,0,1,0,0,0,0,0,0,0,0,0,0,0,0,0,0,0,0,0,0,0,0,0,0,0,0,0,0,0,0,0,0,0,0,0,0,0,0,0,0,1,0,0,0,0,0,0,0,0,0,1,0,0,1,0,0,0,0,0,0,0,0,1,0,0,0,0,0,0,0,0,0,0,0,0,0,0,1,0,0,0,0,0,0,0,0,0,0,0,0,0,0,0,0,0,0,0,0,0,0,0,0,0,0,0,0,0,0,0,0,0,0,0,0,0,0,1,0,0,1,0,0,0,0,0,0,0,0,0,0,0,0,0,0,0.0033782798944323,0.00750493465304795,1,1,0,1,3.59950527803621,11.7241464273549,1.3306096349088,0,0,0,0,0,0,0,0,0,0,0,0,0,0,0,0,0,0,0,0,0,0,0,0,0,0,0,0,0,0,0,0,0,0,0,0,0,23.4060842110358
"8",75.8232044198895,2.575,2.76086956521739,2.5625,1.30625,1.25,1.03125,0.8585,1.3595652173913,1.7909375,2.3875,2.33413043478261,2.064375,0.2375,0.5,0.625,0.3450971355625,0.36795359773913,0.38351218921875,19.5083690042875,17.7045153388261,16.190625,23.1947761789625,15.8477371343587,16.08293269225,1.54872525,7.58058260869565,10.650525,2.3625,2.44565217391304,2.25,0.271875,0.673913043478261,0.8125,"shrink",89,1,1.64301732483853,1,1,1,0,0,0,0,0,3,36.75,0,1,0,0,0,0,0,0,0,0,0,0,0,0,0,0,0,0,0,0,0,0,0,1,0,0,1,0,0,0,1,0,0,0,0,0,0,0,0,0,0,0,0,0,0,0,0,0,0,0,0,0,0,0,0,1,0,0,1,0,0,0,0,0,1,0,0,0,0,0,0,0,1,0,0,0,0,0,0,0,0,0,1,0,0,1,0,0,0,1,0,0,0,0,0,0,0,0,0,0,0,0,0,0,0,0,0,0,0,0,0,0,1,0,1,0,0,1,0,0,0,0,0,0,0,0,0,0,0,0,0,0,0,0,0,0,0,0,0,0,0,0,0,0,0,0,0,0,0,0,0,0,0,0,0,0,0,0,0,1,1,0,0,0,1,1,0,0,0,0,1,0,0,0,0,0,0,0,0,0,0,0,0,0,0,0,0,0,0,1,0,0,0,1,1,0,0,0,1,0,0,1,0,0,0,0,0,0,0,0,0,1,0,0,0,0,0,0,0,1,1,0,1,0,0,1,0,0,0,1,0,0,0,0,0,0,0,0,0,0,0,0,0,0,0,0,0,0,1,1,1,0,0,1,0,0,0,0,0,0,0,0,0,0,0,1,-0.0524438103909099,0.057080625159766,0,0,0,3,5.06970723572301,7.68725832241661,4.67564533058677,0.380386209599598,0,0,1,0.25824521575,0,0,20.027828125,0,0,26.6011682185625,0,0,0.751935,0,0,2.125,0,0,0,0,0,2.5,0,0,0.5625,0,0,1.0459375,0,0,2.375,0,0,0,0,0,-10.2715436797147
"9",91.2245149368648,2.6551724137931,2.64864864864865,2.52991452991453,0.982758620689655,1.17567567567568,1.23504273504274,0.814310344827586,1.49297297297297,2.03393162393162,2.13,1.92405405405405,1.76824786324786,0.137931034482759,0.513513513513514,0.512820512820513,0.352584844137931,0.351694274027027,0.326346159269231,19.483141992069,17.9743014660135,17.8897435897436,22.0219109635172,17.6178552871622,14.7009248240342,2.0895124137931,5.43915027027027,8.56288205128205,2.27586206896552,2.2972972972973,2.51709401709402,0.163793103448276,0.70945945945946,0.726495726495726,"stable",49,1,0.6705325573744,1,1,1,0,1,0,0,0,4,14.25,0,1,0,0,0,0,0,0,1,0,0,0,0,0,0,0,0,0,0,0,0,0,1,1,0,0,1,1,0,0,1,0,0,0,0,1,0,0,0,1,0,0,0,0,0,0,0,0,0,0,0,0,0,0,0,0,0,0,1,0,0,0,0,0,1,0,0,0,0,0,0,1,0,0,0,0,0,0,0,0,0,0,0,0,0,1,0,0,1,1,0,0,0,0,0,0,0,0,0,0,0,0,0,0,0,0,0,0,0,0,0,0,1,0,1,0,0,0,0,0,0,0,0,0,0,0,0,0,0,0,0,0,0,0,0,0,0,0,0,0,0,0,0,0,0,0,0,0,0,0,0,0,0,0,0,0,0,0,0,1,1,0,0,0,1,1,0,0,1,0,1,0,0,0,0,0,0,0,0,0,0,0,0,0,0,0,1,0,0,0,0,0,0,0,0,0,0,0,1,0,0,1,0,0,0,0,0,0,0,1,0,0,0,0,0,0,0,0,1,1,0,0,1,0,0,0,0,0,0,0,0,0,0,0,0,0,0,0,0,0,0,0,0,0,0,0,0,0,1,0,1,0,0,1,0,0,0,0,0,0,0,0,0,0,0,0,0.00502523222156008,0.0085512093334247,0,0,0,3,12.7643836247621,14.1104801736467,4.22160441687184,3.17803422577646,0,0.657855248138152,0,0.366237861230769,0,0.213868689212121,18.3278653846154,0,22.6,23.0000208610769,0,20.6377725671515,3.37566769230769,0,0.949406060606061,2,0,2.66666666666667,0.153846153846154,0,0.227272727272727,2.61538461538462,0,2.36363636363636,0.807692307692308,0,1.1969696969697,1.08346153846154,0,1.83030303030303,2.05923076923077,0,2.17272727272727,0.153846153846154,0,0,-6.5411003692447
"10",80.9283667621776,2.71771065032712,2.70469798657718,2.5818155921219,1.04169990951309,1.23825503355705,1.21281821116002,0.629896729520428,0.968775167785235,1.32212530924861,2.48327588229383,2.20924496644295,1.85474347417935,0.113299446257895,0.473154362416107,0.422561240677355,0.273610307564682,0.353297871234899,0.350975330069415,19.8616270691844,18.2764394482752,17.1188574932671,24.6465739087978,16.8589453145,15.9046458306927,1.18380257947804,3.78780610738255,5.09056347305034,2.26659337568152,2.17953020134228,2.223825980707,0.136275019732867,0.590604026845638,0.656130190300516,"fluct",66,1,0.237158319132915,1,1,1,0,1,0,1,1,6,8,0,0,0,0,0,0,0,0,0,0,0,0,0,0,0,0,0,0,0,0,0,0,0,0,0,0,1,1,0,0,1,0,0,0,0,1,0,0,0,1,1,0,0,0,0,0,0,0,1,0,0,0,0,0,0,0,0,0,1,0,0,0,0,0,1,0,0,0,0,0,1,1,0,0,0,0,0,0,0,0,0,0,1,0,0,0,1,0,0,0,0,0,0,0,0,0,0,1,0,0,0,0,0,0,0,0,1,0,0,0,1,0,0,0,1,0,0,0,0,1,0,0,0,0,0,0,1,0,0,0,0,0,0,0,1,0,0,0,0,0,0,0,0,0,0,0,0,0,0,1,0,0,0,0,0,0,0,1,0,0,0,0,0,0,0,0,0,0,0,0,0,0,1,0,0,1,0,0,0,0,0,0,0,0,1,0,0,0,0,0,0,0,0,0,0,0,0,0,0,1,0,0,0,0,0,0,0,0,0,1,0,0,0,0,0,0,0,0,1,1,0,0,1,0,0,0,0,0,0,0,0,0,0,0,0,1,0,0,0,0,0,0,0,0,0,0,0,0,1,0,0,0,0,0,0,0,0,1,0,0,0,0,0,0,0,0,-0.0360811897682301,0.0853727428046873,0,0,0,3,20.0913486152313,23.2296782583651,10.2395528784077,0,0.242301379208786,0,1,0,0.352106112666667,0,0,22.0866666666667,0,0,33.8377392218667,0,0,2.63251666666667,0,0,2.1,0,0,0.666666666666667,0,0,2.8,0,0,1.15,0,0,0.366666666666667,0,0,2.4,0,0,0.666666666666667,0,23.075109881565
"11",85.4590406378601,2.70362072877933,2.63260003615753,2.51184834123223,1.04409699758788,1.2049921559479,1.2085308056872,0.695435974524956,1.04099697290537,1.34964454976303,2.37605530923351,2.12425660237995,1.90471563981043,0.11393640862984,0.371709093292047,0.364928909952607,0.294426002678535,0.35140895491862,0.329595661063981,19.6929976354722,18.3262035963517,17.4487985781991,22.9661579261402,17.6969042072996,17.8539637458294,1.43595140475143,3.95568475372164,4.58857203791469,2.22455312025912,2.26236822404164,2.25592417061611,0.145866915403594,0.515252373553582,0.575829383886256,"fluct",46,1,1.70603849284381,1,1,1,0,1,1,1,1,7,50,0,0,0,0,0,0,0,0,0,1,0,0,0,0,0,0,0,0,0,0,0,0,0,0,0,0,1,0,0,0,1,0,0,0,1,0,0,0,1,1,0,0,0,0,0,0,0,0,1,0,0,1,0,1,0,0,0,0,1,0,0,0,0,0,0,0,0,0,0,0,1,1,0,0,0,0,0,0,0,1,0,0,0,0,0,0,1,0,1,0,0,0,0,0,1,0,1,1,0,0,0,0,0,0,0,0,0,0,0,0,0,0,0,0,0,0,0,0,0,0,0,0,0,0,0,0,0,0,0,0,0,0,0,0,1,0,0,0,1,0,1,0,0,0,1,0,0,0,0,0,0,0,0,0,0,0,0,0,0,0,0,0,0,0,0,0,0,0,0,0,0,0,0,0,0,0,0,0,0,0,0,0,0,0,0,0,1,0,0,0,0,1,0,0,0,0,0,0,0,1,0,0,0,0,0,0,0,0,0,1,0,0,0,0,0,0,0,0,0,1,0,0,0,0,0,0,0,0,0,0,0,1,0,0,0,0,0,0,0,1,0,0,0,0,1,1,0,0,0,0,0,0,0,0,1,0,0,0,0,1,0,0,0,0,0,0,-0.0267172868934294,0.14978136021821,0,0,0,3,11.915428255392,15.7078343058008,7.77549448582992,0,0,0.200058188917469,1,0,0,0.257270383555556,0,0,18.3481481481481,0,0,24.5560903717037,0,0,0.535992592592593,0,0,2.37037037037037,0,0,0.509259259259259,0,0,1.74074074074074,0,0,1.55555555555556,0,0,2.24740740740741,0,0,2.22555555555556,0,0,0.037037037037037,23.1730029661912
"12",82.9828753484667,2.78378378378378,2.56756756756757,2.52577319587629,1.42567567567568,1.25675675675676,1.07731958762887,0.339797297297297,0.897567567567568,1.39067010309278,2.64243243243243,2.45216216216216,1.88087628865979,0.0540540540540541,0.351351351351351,0.412371134020619,0.268636404972973,0.343538098567568,0.366840285453608,20.5928630126216,18.1739111148919,16.1333298969072,19.2124487991959,17.3383479778378,15.5693368232577,0.458787027027027,2.32570216216216,5.09977855670103,2.05405405405405,2.02702702702703,2.06701030927835,0.0540540540540541,0.432432432432432,0.72680412371134,"stable",53,1,0.620308297288272,1,1,1,0,1,1,1,1,7,26.5,0,0,0,0,0,0,0,0,0,0,0,0,0,0,0,0,0,0,0,0,0,0,0,0,0,1,1,0,0,0,0,0,0,0,0,0,0,0,1,1,0,0,0,0,0,0,1,0,1,0,0,0,0,0,0,0,0,0,1,0,0,0,0,0,1,0,0,0,0,0,1,1,0,0,0,0,0,0,0,0,0,0,0,0,0,0,1,0,1,0,0,0,0,0,0,0,0,1,0,0,0,0,0,0,0,0,1,0,0,0,0,0,0,0,0,0,0,0,0,0,0,0,0,0,0,0,0,0,0,0,0,0,0,0,1,0,0,0,1,0,0,0,0,0,0,0,0,0,0,0,0,0,0,0,0,0,0,0,0,0,0,0,0,0,0,0,0,0,0,0,0,0,1,0,0,0,0,0,0,0,0,0,0,0,0,0,0,0,0,0,0,0,0,0,0,0,0,0,0,0,0,0,0,0,0,1,0,1,0,1,0,0,0,0,0,0,0,0,1,0,0,0,0,0,0,0,0,0,0,0,0,1,0,0,0,1,0,0,0,0,0,0,0,0,0,0,0,0,1,0,0,0,0,0,0,0,0,0,0,0,0,0,0,0,0,0,-0.000292100298879253,0.0140318612052403,0,0,0,3,6.72554942483427,13.2404092974497,4.43961414385847,0,0.113636363636364,0.021301775147929,0,0,0.274081389666667,0.2517008968,0,28.7,15,0,35.69,26.4997893266,0,1.28586666666667,0.228,0,2,2.2,0,0.333333333333333,0.6,0,2.33333333333333,1.4,0,0.5,1.5,0,0.166666666666667,2.632,0,2.16666666666667,2.016,0,0.333333333333333,0,23.4020505393751
"13",80.531197735752,2.66666666666667,2.66666666666667,2.7012987012987,1.03333333333333,0.976190476190476,0.922077922077922,0.765666666666667,1.3697619047619,1.73331168831169,2.44444444444444,1.97714285714286,1.60454545454545,0.155555555555556,0.380952380952381,0.636363636363636,0.347276383166667,0.343094779023809,0.37529821075974,20.4451316227444,21.2227090372619,17.1242307949675,24.0951807437778,17.2056134739524,14.9814636897273,1.41481111111111,5.76922476190476,8.01362337662338,2.08888888888889,2.07142857142857,1.98051948051948,0.155555555555556,0.523809523809524,0.866883116883117,"stable",40,1,0.624230914500381,1,1,1,0,1,0,0,0,4,23.5,0,0,0,0,0,0,0,0,0,1,0,0,0,0,0,0,0,0,0,0,0,0,0,0,0,0,1,0,0,0,1,0,0,0,0,0,0,0,0,1,0,0,0,0,0,0,0,0,1,0,0,0,0,0,0,0,0,0,0,0,0,0,0,0,1,0,0,0,0,0,0,1,0,0,0,0,0,0,0,0,0,0,0,0,0,0,0,0,1,0,0,0,0,0,0,0,0,0,0,0,0,0,0,0,0,0,0,0,0,0,0,0,0,0,0,0,0,0,0,0,0,0,0,0,0,0,0,1,0,0,0,0,0,0,0,0,0,0,1,1,0,0,0,0,0,0,0,0,0,1,0,0,0,0,0,0,0,0,0,1,0,0,0,0,0,0,0,0,0,0,0,0,0,0,0,0,0,0,0,0,0,0,0,0,0,0,1,0,0,0,0,0,0,0,1,0,0,0,0,1,0,0,0,0,0,0,0,0,0,1,0,0,0,0,0,0,0,0,1,1,0,0,1,0,0,0,0,0,0,0,0,0,0,0,0,0,0,0,0,0,0,0,0,0,0,0,0,1,0,0,0,0,0,0,0,0,0,0,0,0,0,0,0,0,0,0,0.000745659016250391,0.00798836865120261,0,0,0,3,12.2402011410398,9.70274280089935,2.502601033491,1.42498058027424,0,0.0148760330578512,0,0.455876162428571,0,0.248261322666667,23.65,0,25.7333333333333,22.1722849452857,0,22.06877796,1.34222857142857,0,0.678333333333333,1.92857142857143,0,2.66666666666667,0.142857142857143,0,0.25,2.64285714285714,0,2.33333333333333,0.857142857142857,0,1.5,0.928571428571429,0,1.68,1.85714285714286,0,2.59,0.142857142857143,0,0,-9.31850827632303
"14",82.3452186239232,2.67936123533746,2.68032786885246,2.66203703703704,1.03261028560754,0.913934426229508,0.935185185185185,0.677149534938073,1.04745901639344,1.19837962962963,2.408219458497,1.9630737704918,1.83810185185185,0.112917915883924,0.418032786885246,0.430555555555556,0.294897415279881,0.325131048081967,0.333996547041667,19.5824549765652,17.1776241441926,16.6151497603843,23.3738100169243,16.9125948917582,15.7426782217685,1.365203720408,3.63350229508197,4.43508944444444,2.22837089898014,2.16393442622951,2.14814814814815,0.141385844488504,0.532786885245902,0.583333333333333,"stable",25,1,1.07467109531986,1,1,1,0,1,1,0,0,5,28,1,0,0,0,0,0,0,0,0,0,0,0,0,0,0,0,0,0,0,0,0,0,0,0,0,0,0,0,0,0,0,1,1,0,0,0,0,0,0,1,0,0,0,0,0,0,0,0,0,0,0,0,0,0,0,0,0,0,0,0,0,0,0,0,1,0,0,0,0,0,1,1,0,0,0,0,0,1,0,0,0,0,0,0,0,0,0,0,0,0,0,0,0,0,0,0,0,0,0,0,0,0,0,0,0,0,0,0,0,0,0,0,0,0,0,0,0,0,0,0,1,1,1,0,0,0,1,0,0,0,0,0,0,0,0,0,0,0,0,0,0,0,0,0,0,0,0,0,0,0,1,1,0,0,0,0,0,0,0,0,0,0,0,0,0,0,0,0,0,0,0,0,1,0,0,0,0,0,0,0,0,0,0,0,0,1,0,1,0,0,0,0,0,1,0,0,0,0,0,1,0,0,0,0,0,0,0,0,0,0,0,0,0,0,0,0,0,0,0,1,0,0,0,0,0,0,0,0,0,0,0,0,0,0,0,0,1,0,0,0,0,0,0,0,0,0,0,0,0,1,0,1,0,0,0,0,0,0,0,1,1,0,0,0,0,0,-0.0218861733358696,0.0658491971625257,1,0,0,2,12.7594530015752,18.053752250649,11.6252798480676,0,0.1281376337426,0,1,0,0.308997871666667,0,0,22.3444444444444,0,0,32.7344444444444,0,0,2.207,0,0,2,0,0,0.555555555555556,0,0,2.77777777777778,0,0,0.833333333333333,0,0,0.5,0,0,2.05555555555556,0,0,0.555555555555556,0,23.1491889051784
"15",78.8348329048843,2.67241379310345,2.56903765690377,2.58461538461538,0.948275862068966,1.081589958159,1.03846153846154,0.545603448275862,0.808682008368201,0.865769230769231,2.64043103448276,2.28020920502092,2.36530769230769,0.120689655172414,0.322175732217573,0.353846153846154,0.241151021258621,0.346699274198745,0.360582147284615,19.0422291451552,17.8328267097385,18.1125383076923,28.9823265356379,19.3225065356674,17.0201821170923,0.597896206896552,2.47904368200837,2.91696676923077,2.25862068965517,2.10878661087866,2.10769230769231,0.120689655172414,0.429916317991632,0.553846153846154,"stable",82,1,0.377297019520935,1,1,1,0,0,0,0,0,3,16.75,0,0,0,0,0,1,0,0,0,0,0,0,0,1,0,0,0,0,0,0,0,0,0,0,0,1,0,0,0,0,1,0,0,0,1,1,0,0,0,1,0,0,0,0,0,0,0,0,1,0,0,0,0,0,0,0,0,0,0,0,0,0,0,1,0,0,0,0,1,0,1,1,0,0,0,0,0,0,0,0,0,0,0,0,0,1,1,0,1,0,0,0,0,0,1,0,0,0,0,0,0,0,0,0,0,0,1,0,0,0,1,0,0,0,0,0,0,1,0,1,0,1,0,0,0,0,0,0,0,0,0,0,0,0,1,0,0,0,0,0,0,1,0,0,0,0,0,0,0,0,0,0,0,0,0,0,0,0,0,0,0,0,0,0,0,0,0,0,0,0,0,0,1,0,0,0,0,0,0,0,0,0,0,0,1,0,1,0,0,0,0,0,0,1,0,0,0,0,0,1,0,0,0,0,0,0,0,0,0,0,0,0,0,0,0,0,0,0,1,1,0,0,0,0,0,0,1,0,0,0,0,0,0,0,1,0,0,0,0,0,0,0,0,0,0,1,0,0,1,0,0,0,0,0,0,0,0,0,0,0,0,0,0,0,0,0,0.00215183759489576,0.0104590554725117,0,0,0,3,45.950402101523,24.0900585864174,35.3645525661844,2.77946160406305,0.39278930045523,0,0,0.2567510685,0.310360668703704,0,21.075,25.3185185185185,0,28.7630608800833,32.5976113794815,0,1.04533333333333,2.87763333333333,0,2.25,2.07407407407407,0,0.166666666666667,0.481481481481482,0,3,2.59259259259259,0,0.791666666666667,0.833333333333333,0,0.583333333333333,0.417407407407407,0,2.83333333333333,2.04703703703704,0,0.166666666666667,0.481481481481482,0,-13.0000064343653
"16",75.5250097541943,2.7112676056338,2.46875,2.69387755102041,1.04929577464789,1.1875,1.13775510204082,0.906971830985915,1.55796875,1.62607142857143,2.00704225352113,1.431875,1.4675,0.122300617472042,0.34375,0.357142857142857,0.279304685859155,0.2893836315625,0.356533097719388,18.828356713338,18.5779938243125,16.4295832065561,20.281670922831,16.366462151625,13.9187573347959,1.01256563380282,4.65316875,6.52225612244898,2,2.1875,2.12244897959184,0.15529665460313,0.4921875,0.642857142857143,"stable",45,1,2.37494968111069,1,1,1,0,0,0,0,0,3,83.75,1,0,0,1,0,1,0,0,0,0,0,0,0,0,0,0,0,0,0,0,0,0,0,0,0,0,0,0,0,0,0,0,0,0,1,0,0,0,0,1,1,0,0,0,0,0,0,0,0,0,0,0,0,0,1,0,0,0,0,0,0,0,0,0,0,1,1,0,0,0,1,0,0,0,0,0,0,0,0,0,0,0,1,0,0,0,0,0,0,0,0,0,0,0,0,0,0,0,0,0,0,0,0,0,0,0,1,0,0,1,0,0,0,0,0,0,0,0,0,1,0,0,0,1,0,0,0,0,0,0,0,0,0,0,0,0,0,0,0,0,0,0,0,0,0,0,0,0,1,0,0,0,0,0,0,0,0,0,0,0,0,0,0,0,0,0,0,0,0,0,0,0,0,0,0,0,0,0,1,0,0,0,0,0,0,0,0,0,0,0,0,1,1,0,1,0,0,0,0,0,0,0,0,0,0,0,0,0,0,0,0,0,1,0,1,0,0,1,1,0,0,0,0,0,0,0,0,0,0,0,0,0,0,0,0,1,0,0,0,0,0,0,0,1,0,0,1,0,0,0,1,1,0,0,0,0,0,0,0,0,0,0,0,0,1,0,0.00782058245641767,0.0344403970675743,0,0,0,3,7.05927393260736,19.557154276195,5.08496417917863,0.497922292077566,0,0.120778731208389,0,0.257141153846154,0,0.241029215111111,16.5461538461538,0,24.4555555555556,24.2257510729231,0,22.7158519733333,0.760338461538462,0,0.568888888888889,2.15384615384615,0,2.44444444444444,0,0,0.166666666666667,2.69230769230769,0,2.22222222222222,0.692307692307692,0,1.16666666666667,0.692307692307692,0,1.78666666666667,2.03846153846154,0,1.72666666666667,0,0,0,-6.0670788787596
"17",76.4878256750355,2.87394957983193,2.66438844644235,2.59372123013645,0.823529411764706,1.22207786198201,1.21698223303645,0.738025210084034,1.01240738525576,1.45364753596337,2.21428571428571,2.15215245752351,1.75910945241099,0.0504201680672269,0.391598841372609,0.450317607350627,0.305492721142857,0.346933497987043,0.360105124661226,21.7912588235294,18.8302884624407,17.040810850027,22.6513615756134,18.2950205844202,15.3505631383508,0.92667781512605,4.02268519322041,6.33779624293912,2.09243697478992,2.33164467565764,2.24783867801515,0.0504201680672269,0.513006940941055,0.688680493956998,"stable",27,1,2.27172823519793,1,1,1,0,0,0,1,1,5,100,0,0,0,0,0,0,0,0,0,0,0,0,0,0,0,0,0,0,0,0,0,0,0,0,0,0,0,0,0,0,0,0,0,0,1,0,0,0,0,1,1,0,0,0,0,0,0,0,0,0,0,0,0,0,0,0,0,0,0,0,0,0,0,0,1,1,1,0,0,0,0,0,0,0,0,0,0,0,0,0,0,0,0,0,0,0,0,0,0,0,0,0,0,0,0,0,0,0,0,0,0,0,0,0,0,0,0,0,0,0,0,0,0,0,0,0,0,0,0,1,1,0,0,0,0,0,0,0,0,0,0,0,0,0,0,0,0,0,0,0,0,0,0,0,0,0,0,0,0,0,0,0,0,0,0,0,1,1,0,0,0,0,0,0,0,0,0,0,0,0,0,0,0,0,0,0,0,0,1,0,0,0,0,0,0,0,0,0,0,0,0,1,0,0,0,0,0,0,0,0,0,0,0,0,0,0,0,0,0,0,0,0,0,0,0,0,1,1,0,0,0,0,0,0,0,0,0,0,0,0,0,0,0,0,0,1,0,0,0,0,0,0,0,0,0,1,0,0,1,0,0,0,0,0,0,0,0,0,0,0,0,0,0,0,0,0,0.00782058245641767,0.0344403970675743,0,0,0,3,2.00857117907984,12.5739148295505,6.35913432155193,0.173755318902985,0,0,0,0.239007420615385,0,0,18.8403846153846,0,0,27.8975030524615,0,0,1.17275230769231,0,0,2.23076923076923,0,0,0,0,0,3,0,0,1.03846153846154,0,0,0.923076923076923,0,0,2.86538461538462,0,0,0,0,0,-10.5594226477487
"18",80.5608861103561,2.703125,2.69642857142857,2.60810810810811,1.203125,1.40178571428571,1.56081081081081,1.046875,1.05401785714286,1.45425675675676,2.3515625,2.155625,1.72560810810811,0.078125,0.410714285714286,0.527027027027027,0.302305657882812,0.368470113008929,0.350108107114865,16.853088906375,18.286601986625,16.6768918918919,21.9402128932734,15.7243921289286,13.0488388302905,0.913925625,4.64089642857143,7.1572854054054,2.421875,2.42857142857143,2.54054054054054,0.12109375,0.5625,0.709459459459459,"stable",12,1,0.264669307794919,1,1,1,0,0,0,1,0,4,40,0,0,0,0,0,0,0,0,0,0,0,0,0,0,0,0,0,0,0,0,0,0,0,0,0,0,0,0,0,0,1,0,0,0,0,0,0,0,0,1,0,0,0,0,0,0,0,0,0,0,0,0,0,0,0,0,0,0,0,0,0,0,0,0,1,0,0,0,0,0,1,0,0,0,0,0,0,0,0,0,0,0,0,0,0,0,0,0,0,0,0,1,0,0,0,0,0,0,0,0,0,0,0,0,0,0,0,0,0,0,0,0,0,0,0,0,0,0,0,0,0,0,0,0,0,0,1,0,0,0,1,0,0,0,0,0,0,0,0,0,0,0,0,0,0,0,0,0,0,0,0,0,0,0,0,0,0,0,0,0,0,0,0,0,0,0,0,0,0,0,0,0,1,0,0,0,0,0,0,0,1,0,0,0,0,0,0,0,0,0,0,0,0,0,0,0,0,0,0,0,0,0,0,0,0,0,0,0,0,1,0,0,0,0,0,0,0,0,0,0,0,0,0,0,0,0,0,0,0,0,0,0,0,0,0,0,1,0,0,0,0,0,0,0,0,0,0,0,1,0,0,0,0,0,0,0,0,0,0,0,0,0,0,0,0,0,-0.00788851677428816,0.0586029945583346,0,0,0,3,6.27764894385342,13.8784694453149,6.36167905412352,0.207237894820349,0,0.22382480476894,0,0.255209656,0,0.364413997090909,26.75,0,19.4181818181818,22.0675132273333,0,15.0283817077273,0.809791666666667,0,3.2916,2.75,0,2.81818181818182,0,0,0.772727272727273,3,0,2.63636363636364,1.29166666666667,0,2.45454545454545,0.916666666666667,0,0.734545454545455,3,0,2.77636363636364,0,0,0.636363636363636,-11.2412003215983
"19",79.9637267414523,2.67861518258753,2.75,2.80281690140845,1.06870015632942,1.45833333333333,1.53521126760563,0.713115922842963,1.07212962962963,1.10732394366197,2.41653927395372,2.14731481481481,2.13859154929577,0.111920684564978,0.462962962962963,0.52112676056338,0.305863583547484,0.374376499263889,0.386304551697183,19.3832485832793,18.2113310892755,17.4598564575352,23.1401390847069,16.741179557875,15.6169048318521,1.45209690772861,5.13263111111111,6.14787042253521,2.27310680258263,2.50462962962963,2.50704225352113,0.135727225605395,0.577546296296296,0.661971830985915,"fluct",21,1,1.16062925609375,1,1,1,0,1,1,1,0,6,19,0,0,0,0,0,0,0,0,0,0,0,0,0,0,0,0,0,0,0,0,0,0,0,0,0,0,0,0,0,0,1,0,0,0,0,0,0,0,0,1,0,0,0,0,0,0,0,0,0,0,0,0,0,0,0,0,0,0,1,0,0,0,0,0,1,0,0,0,0,1,0,1,0,0,0,0,0,0,0,0,0,0,0,0,0,0,0,0,0,0,0,0,0,0,0,0,0,0,0,0,0,0,0,0,0,0,0,0,0,0,1,0,0,0,0,0,0,0,0,0,0,0,0,0,0,0,0,0,0,0,0,0,0,0,0,1,1,0,0,0,0,0,0,0,0,0,0,0,0,0,0,0,0,0,0,0,0,0,0,0,0,0,0,0,0,0,0,0,0,0,0,0,0,0,0,0,0,0,0,0,0,0,0,1,0,1,1,0,0,0,0,0,0,0,0,0,0,0,0,1,0,0,0,0,0,0,0,0,0,0,0,0,0,0,0,0,0,0,1,0,0,0,0,0,0,0,0,0,0,0,0,0,0,0,0,0,0,0,0,0,0,0,0,0,0,0,0,0,0,0,0,0,0,1,0,0,0,0,0,0,0,0,0,0,0,0,-0.0492355512782611,0.117553766779182,1,0,0,2,11.2225954008968,21.0576916306764,21.5863951865228,0,0.362669210259006,0.404040404040404,1,0,0.46537925762069,0.327706935555556,0,23.0875862068966,26.5555555555556,0,26.9598550723793,14.9914321787778,0,9.34823448275862,2.72302222222222,0,2.48275862068966,3,0,0.896551724137931,0.444444444444444,0,2.93103448275862,3,0,2.08620689655172,2.16666666666667,0,0.845,0.555555555555556,0,1.98293103448276,3,0,0.896551724137931,0.444444444444444,23.1621591093173
"20",78.152624562443,2.63333333333333,2.71875,2.73214285714286,0.9,1.2734375,1.44642857142857,0.655833333333333,0.9234375,1.39276785714286,2.525,2.128515625,1.76383928571429,0.05,0.4375,0.482142857142857,0.2639906017,0.3479855243125,0.391530426642857,20.9266487803833,18.005859375,18.0275,21.5018012480583,15.3289961520703,14.1651002171429,0.925144333333333,2.997420625,8.09498928571429,2.18333333333333,2.40625,2.42857142857143,0.0666666666666667,0.53125,0.732142857142857,"fluct",69,1,2.80796016983729,1,1,1,0,1,1,1,1,7,69.5,0,0,0,0,0,1,0,0,0,0,0,0,0,0,0,0,0,0,0,0,0,0,0,0,0,0,0,0,0,0,1,0,0,0,0,1,0,0,1,1,0,0,0,0,0,0,0,0,0,0,0,0,0,0,1,0,0,0,1,0,0,0,0,0,1,0,0,0,0,0,1,1,0,0,0,0,0,0,0,0,0,0,0,0,0,0,0,0,0,1,0,0,0,0,0,0,0,0,0,0,0,0,0,0,0,0,1,0,0,1,0,1,0,0,0,0,0,0,0,1,0,1,0,0,0,0,0,0,0,0,0,1,0,0,1,0,1,0,0,0,0,0,0,0,0,0,0,0,0,0,0,0,0,0,0,0,0,0,0,1,0,0,0,0,0,0,1,0,0,0,0,0,1,0,0,0,0,0,0,0,0,0,0,0,0,0,0,0,0,0,0,0,1,0,0,0,0,0,0,1,0,0,0,0,0,0,0,0,0,1,0,0,0,0,0,0,0,0,1,0,0,0,1,0,0,0,0,0,0,0,0,0,0,0,0,1,0,0,0,0,0,0,0,0,0,0,0,0,1,1,1,0,0,0,0,0,0,0,0,0,0,0,0,0,0,0,-0.0210230463013718,0.125520755550235,0,0,0,3,7.12551823940543,8.39669945679895,8.01305759095629,0.0868055555555556,0.100933981943115,0.27651123603301,1,0.3718108968,0.436929838857143,0.320253742,27.64,23.5714285714286,24.94,22.7322989018,30.8336438922857,16.3321683807,0.74768,7.00434285714286,2.45422,1.8,2.28571428571429,2.9,0,0.857142857142857,0.475,2.6,2.85714285714286,2.8,0.3,1.71428571428571,2.1,0.6,0.681428571428571,0.804,1.8,2.11,2.877,0,0.857142857142857,0.4,-12.069610679581
"21",78.1622204786191,2.83703703703704,2.74257425742574,2.59775066537811,1.28518518518519,1.25742574257426,1.23250485117641,0.742740740740741,0.905049504950495,1.40349694006426,2.56496296296296,2.32811881188119,1.79809576120593,0.118518518518519,0.287128712871287,0.444731846524145,0.319445427988889,0.351931847663366,0.354664538572462,19.5842467182296,17.9400570092079,17.2951833870212,27.1135132315111,17.8387000409851,15.8950544971552,1.15759762962963,4.10296514851485,5.77277339595858,2.28888888888889,2.26732673267327,2.26644587991025,0.133333333333333,0.403465346534653,0.658838948202469,"stable",61,1,3.03492492811497,1,1,1,0,1,1,0,1,6,62.66666667,0,1,0,0,0,0,0,0,0,0,0,0,0,0,0,0,0,0,0,0,0,0,0,0,0,0,1,0,0,0,1,0,0,0,0,1,0,0,0,0,0,0,0,0,1,0,0,0,1,0,0,0,0,0,0,0,0,0,1,0,1,0,0,0,1,0,0,0,0,1,0,0,0,0,0,0,0,0,0,0,0,0,0,0,0,0,0,0,0,0,0,0,0,0,1,0,0,0,0,0,0,0,0,0,0,0,1,0,0,0,1,0,0,0,0,0,0,0,0,1,0,0,0,0,0,0,0,0,0,0,0,0,0,0,0,0,1,0,0,0,0,0,0,0,0,0,0,0,0,0,0,0,0,0,0,0,0,0,0,1,1,0,0,0,0,1,0,0,0,0,0,0,1,0,0,0,0,0,0,0,0,0,0,1,0,0,0,0,0,0,0,0,0,0,0,0,0,0,1,1,0,0,0,0,0,0,0,1,0,0,0,1,0,0,0,0,0,1,1,0,0,0,0,1,0,0,0,0,0,0,0,0,0,0,0,1,0,0,0,0,0,0,0,0,0,0,0,0,1,0,0,0,0,0,0,0,0,0,0,0,0,0,1,0,0,0,-0.0273927974413858,0.0545507649730367,0,0,0,3,7.17761436157172,20.3351602262125,9.27528401601367,0.766082577275432,0.424173892646509,0,1,0.309643908552632,0.3748644245,0,23.4539473684211,22.9348948521429,0,28.1340059394211,25.8283455930714,0,2.49967315789474,2.67771428571429,0,2.39473684210526,2.07142857142857,0,0.289473684210526,0.428571428571429,0,3,2.78571428571429,0,1.34210526315789,1.82142857142857,0,0.849210526315789,0.634642857142857,0,2.79657894736842,2.49178571428571,0,0.289473684210526,0.428571428571429,0,-14.0550579939801
"22",81.0123872226286,2.78461538461538,2.77142857142857,2.56756756756757,1.16153846153846,1.32857142857143,1.04054054054054,0.760461538461538,1.07171428571429,1.67621621621622,2.58669230769231,2.108,1.74945945945946,0.0769230769230769,0.342857142857143,0.391891891891892,0.294269303192308,0.328143822685714,0.368187666141892,17.7468526907769,15.8356417922143,15.1222401515203,24.5663756755308,18.7033162564429,16.1732199356689,0.668157846153846,1.68044914285714,5.28979351351351,2.32307692307692,2.42857142857143,2.2027027027027,0.0769230769230769,0.421428571428571,0.60472972972973,"stable",90,1,2.23476966490649,1,1,1,0,0,0,1,0,4,57.25,0,0,0,0,0,0,0,0,0,1,1,0,0,0,0,0,0,0,0,0,0,0,0,1,0,0,0,0,0,0,1,0,0,0,1,0,0,0,0,1,1,0,0,0,0,0,0,0,0,0,0,0,0,0,0,0,0,0,1,0,0,0,0,0,1,1,0,0,0,1,0,1,0,0,0,0,0,0,0,0,0,0,0,0,0,1,1,1,1,0,0,0,0,0,0,0,0,0,0,0,0,0,0,1,0,0,1,0,0,0,1,0,0,0,0,0,0,0,0,0,0,0,0,0,0,0,0,0,0,0,0,0,0,0,0,0,1,0,0,0,0,0,0,0,0,0,0,0,1,0,0,0,0,0,0,0,0,0,0,1,1,0,0,0,0,0,0,0,0,0,0,0,1,0,0,0,0,0,1,0,0,0,0,1,0,0,1,0,0,0,0,1,0,1,0,0,0,0,0,1,0,0,0,0,0,0,0,1,0,1,0,0,0,0,0,0,0,1,1,1,0,0,1,0,0,0,0,0,0,0,0,0,0,1,0,0,0,0,0,1,0,0,0,0,0,1,0,0,0,0,1,1,0,1,0,0,0,0,0,0,0,0,0,0,0,0,-0.0011572910172371,0.00485630271523017,1,0,0,2,6.66435048792134,7.57522091801648,5.39792219733151,0.561026147696864,0,0.458781878659885,0,0.3768158624,0,0.218577069684211,20.8466666666667,0,24.3236842105263,22.6584816857333,0,20.2752398358421,0.893642666666667,0,0.973168421052632,2.06666666666667,0,2.73684210526316,0,0,0.197368421052632,2.8,0,2.47368421052632,0.933333333333333,0,1.26315789473684,1,0,1.69473684210526,2.4,0,2.36052631578947,0,0,0,-7.94851109646712
"23",89.030361757106,2.7887323943662,2.44827586206897,2.47972972972973,0.929577464788732,1.06896551724138,0.983108108108108,0.462323943661972,0.646724137931035,1.3539527027027,2.73443661971831,2.46534482758621,1.62702702702703,0.028169014084507,0.344827586206897,0.378378378378378,0.251320324352113,0.338520010931035,0.345795924483108,22.6488613961127,18.7672413793103,16.1401937086419,26.6370426601549,18.4300838762931,15.6858867293581,0.600014366197183,2.58382206896552,4.24941891891892,2.22535211267606,2.13793103448276,2.05067567567568,0.028169014084507,0.517241379310345,0.679054054054054,"stable",55,1,0.282033188552727,1,1,1,0,1,0,0,0,4,15.75,0,0,0,0,0,0,0,0,0,0,0,0,0,0,0,0,0,0,0,0,0,0,0,0,0,0,0,1,0,0,1,0,0,0,0,0,0,0,0,1,0,0,0,0,0,0,0,0,0,1,0,0,0,0,0,0,0,0,1,0,0,0,0,1,0,0,0,0,0,0,0,1,0,0,0,0,1,0,0,0,0,0,0,0,0,0,1,1,1,0,0,0,0,0,0,0,0,0,0,0,0,0,0,0,0,0,1,0,0,0,0,0,0,0,0,0,0,0,0,1,0,0,0,0,0,0,0,0,0,0,0,1,0,0,0,0,0,0,1,1,0,0,0,0,0,0,0,0,0,0,0,0,0,0,0,0,0,0,0,0,0,0,0,0,0,0,1,0,0,0,0,0,0,0,0,1,0,0,0,0,0,0,0,0,1,0,0,0,0,0,0,0,0,0,0,0,0,0,1,0,0,0,0,0,0,0,0,0,0,1,0,0,0,0,0,0,0,0,1,0,0,0,0,0,0,0,0,0,0,0,0,0,0,0,0,1,0,0,0,0,0,0,0,0,0,0,0,0,0,0,1,0,0,0,0,0,0,0,0,0,0,0,0,0,0,0,0.0078931072827666,0.0636210844327611,0,0,0,3,4.34681817725944,14.2918021923587,3.21780969288905,0.00631313131313131,0,0.847163805778307,0,0.2635120845,0,0.3306174742,24.85,0,19.95,38.8825,0,17.01963325245,2.0088,0,2.63015,2.5,0,2.55,0.5,0,0.5375,3,0,2.5,0.75,0,1.85,0.25,0,1.002,2.75,0,1.7385,0.5,0,0.5,-22.950109274105
"24",81.3593089371629,2.65,2.68085106382979,2.63235294117647,1,1.38297872340426,1.29411764705882,0.7,0.978085106382979,1.27264705882353,2.65,2.18010638297872,1.91102941176471,0.05,0.382978723404255,0.352941176470588,0.376485191875,0.420461107138298,0.380275849507353,14.5010235,18.2957446808511,17.6231395588235,22.94081678195,19.8333026393085,16.3607800137794,0.697534,4.65194808510638,7.57015352941177,2.25,2.27659574468085,2.20588235294118,0.05,0.51063829787234,0.573529411764706,"shrink",44,1,0.0381809835400749,1,1,1,0,1,0,0,0,4,47.25,0,0,0,0,0,0,0,0,0,0,0,0,0,0,0,0,0,0,0,0,0,0,0,0,0,0,0,0,0,0,1,0,0,0,0,0,0,0,0,1,0,0,0,0,0,0,0,0,0,0,0,0,0,0,0,0,0,0,0,0,0,0,0,0,1,0,0,0,0,0,0,0,0,0,0,0,0,0,0,0,0,0,0,0,0,0,1,0,0,0,0,0,0,0,0,0,0,0,0,0,0,0,0,0,0,0,0,0,0,0,1,0,0,0,0,0,0,0,0,1,0,0,0,0,0,0,0,0,0,0,0,0,0,0,0,0,1,0,1,0,0,0,0,0,0,0,0,0,0,0,0,0,0,0,0,0,0,0,0,0,0,0,0,0,1,0,0,0,0,0,0,0,1,0,0,0,0,0,0,0,0,0,0,0,0,0,1,0,0,0,0,0,0,0,0,0,0,0,1,1,0,0,0,0,0,0,0,1,0,0,0,0,0,0,0,0,0,0,0,1,0,0,0,0,1,0,0,0,0,0,0,0,0,0,0,1,0,0,0,0,0,0,0,0,0,0,1,0,1,0,1,0,0,0,0,0,0,0,0,0,0,0,0,0,0,1,-0.018445582572065,0.00993276831918705,0,0,0,3,2.43541680760602,9.93224635023562,3.4321933177297,0,0.242424242424242,0,0,0,0.490149995714286,0,0,22.3642857142857,0,0,27.9768944098571,0,0,9.44005714285714,0,0,2.42857142857143,0,0,1,0,0,3,0,0,2.14285714285714,0,0,0.879285714285714,0,0,2.02214285714286,0,0,1,0,23.1727561642797
"25",77.1620679639849,2.7037037037037,2.625,2.60588235294118,1.42592592592593,1.625,1.42058823529412,0.595925925925926,1.103125,1.40911764705882,2.57407407407407,2.299375,1.72252941176471,0.148148148148148,0.375,0.447058823529412,0.386322196351852,0.4385662195,0.344242647338235,16.5433416971111,19.212650938,16.2471835735529,24.2104362713148,18.312211856875,16.2104746420912,1.18120962962963,7.3642375,5.58166270588235,2.40740740740741,2.5,2.47647058823529,0.148148148148148,0.5,0.679411764705882,"stable",55,1,0.502891526748269,1,1,1,1,1,0,1,0,6,33,1,1,0,0,0,0,0,0,0,0,0,0,0,0,0,0,0,0,0,0,0,1,0,0,0,0,1,0,0,0,1,0,0,0,0,0,0,0,0,1,0,0,0,0,0,0,0,0,0,0,0,0,0,0,0,0,0,0,1,0,0,0,0,0,1,0,0,0,0,0,0,0,0,0,0,0,0,0,0,0,0,0,0,0,0,0,0,0,1,0,0,1,0,0,0,0,0,0,0,0,0,0,0,0,0,0,0,0,0,0,1,0,0,0,0,0,0,0,0,0,1,0,0,0,0,0,0,0,0,0,0,1,0,1,0,0,0,1,1,0,0,0,0,0,0,0,0,0,0,0,0,0,0,0,0,0,0,0,0,0,0,0,0,0,0,0,0,0,0,1,0,0,0,0,0,0,0,0,0,0,0,0,0,0,0,0,1,0,0,0,0,0,0,0,0,0,0,0,0,1,0,0,0,0,0,0,0,0,0,1,0,0,0,0,0,0,0,0,0,0,0,0,0,1,0,0,0,0,0,0,0,0,0,0,0,0,0,0,0,0,0,0,0,0,0,0,0,0,0,0,0,0,0,0,0,0,0,0,0,0,0,0,0,0,0,0,-2.80502184002901e-05,0.00940308648779969,0,0,0,3,13.0790806315535,12.1086226971652,3.17849426694853,0,0.727272727272727,0.994400208387102,0,0,0.4998376335,0.311475086545455,0,22.575,19.2636363636364,0,26.2913768115,19.5713611584773,0,10.4038,1.94879545454545,0,2.5,2.61363636363636,0,1,0.630681818181818,0,3,2.22727272727273,0,2.25,2.01136363636364,0,0.9425,1.44727272727273,0,1.9425,2.52477272727273,0,1,0.340909090909091,23.0970567086034
"26",99.9492104139991,2.79310344827586,2.63461943796284,2.53990610328638,1.05172413793103,1.24123987538309,1.37793427230047,0.720344827586207,1.06458359052298,1.45511737089202,2.62068965517241,2.11829496203417,1.70457746478873,0.172413793103448,0.37079720198797,0.380281690140845,0.301818039051724,0.361617826714452,0.331518943244131,19.1424237204828,18.2842616157894,18.4798122065728,21.8592290685172,17.7778093486808,16.4592236977042,1.77337172413793,4.20596726117571,5.72459906103286,2.37931034482759,2.28345364206724,2.42723004694836,0.241379310344828,0.527966241468104,0.584507042253521,"stable",33,1,0.141277137671888,1,1,1,0,1,0,1,0,5,11,0,0,0,0,0,0,0,0,1,0,0,0,0,0,0,0,0,0,0,0,0,0,0,0,0,0,0,0,0,0,1,0,0,0,0,0,0,0,0,1,0,0,0,0,0,0,0,0,0,0,0,0,0,0,0,0,0,0,1,0,0,0,0,0,0,0,0,0,0,0,0,1,0,0,0,0,0,0,0,0,0,0,1,0,0,0,0,1,0,0,0,1,0,0,0,0,0,0,0,0,0,0,0,0,0,0,0,0,0,0,0,0,0,1,0,0,0,0,0,0,0,0,0,0,0,0,0,0,0,0,0,1,0,0,0,0,0,0,0,0,0,0,0,0,0,0,0,0,0,0,0,0,0,0,0,0,0,0,0,0,0,0,0,0,0,0,1,0,0,0,0,0,1,0,0,0,0,0,0,0,0,0,0,0,0,0,1,0,0,0,0,0,0,0,0,0,0,0,0,1,0,0,0,0,0,0,0,0,0,1,0,0,0,0,0,0,0,0,0,0,0,0,0,0,0,0,0,0,0,0,0,0,0,0,0,1,0,0,0,0,0,0,0,0,0,0,0,0,0,0,0,1,0,0,0,0,0,0,0,0,0,0,0,0,0,0,-0.00504545153689309,0.0154396948892041,0,0,0,3,14.2017824201107,15.6940479997178,7.59272455312245,0.222222222222222,0,2.04523792392076,0,0.244451121,0,0.300019568057971,20.8375,0,20.2478260869565,20.40094246025,0,19.9023511765217,1.18507,0,1.73602898550725,2.25,0,2.57971014492754,0,0,0.528985507246377,3,0,2.2463768115942,0.75,0,1.83333333333333,1,0,1.46202898550725,3,0,2.28898550724638,0,0,0.289855072463768,-6.16795007067745
"27",110.599072445226,2.64814814814815,2.56896551724138,2.47183098591549,1.07407407407407,1.27586206896552,1.38732394366197,0.742407407407407,1.11362068965517,1.54556338028169,2.39407407407407,1.88103448275862,1.58904929577465,0.148148148148148,0.396551724137931,0.52112676056338,0.330328229944444,0.412487532810345,0.353049375609155,19.2980651647407,15.7183489655172,16.6874647887324,24.8421872286944,19.1320163756638,17.1024348248803,1.73165037037037,4.81324689655172,6.53654366197183,2.25925925925926,2.24137931034483,2.44366197183099,0.199074074074074,0.625,0.737676056338028,"fluct",71,1,0.318950643204242,1,1,1,0,1,0,1,0,5,9,0,1,0,0,0,0,0,0,0,0,0,0,0,0,0,0,0,0,0,1,0,0,0,1,0,0,1,0,0,0,1,0,0,0,0,0,0,0,0,0,1,0,0,0,1,0,0,0,0,0,0,0,0,0,0,1,0,0,0,0,0,0,0,0,1,0,1,0,0,0,0,0,0,0,0,0,0,0,0,0,0,0,0,0,0,1,0,0,0,0,0,1,0,0,1,0,0,0,0,0,0,0,0,0,0,0,0,0,0,0,1,0,0,0,0,0,0,0,0,1,1,0,0,0,0,0,0,0,0,0,0,0,0,0,0,0,0,0,0,0,0,0,0,0,0,0,0,0,0,0,0,0,0,0,0,0,0,0,0,1,0,0,0,0,0,0,0,0,0,1,0,0,0,0,0,0,0,0,1,0,0,0,0,0,1,0,0,0,0,0,0,0,0,1,0,0,0,0,1,0,0,0,0,0,0,0,0,0,0,0,0,0,0,0,0,0,0,0,0,1,0,0,0,0,0,0,0,0,0,0,0,0,0,0,0,1,0,0,0,0,0,0,0,0,0,0,0,0,1,0,1,0,0,0,0,0,0,0,0,0,0,0,0,0,0,0,0.0274629868947538,0.123161356759264,0,0,0,3,14.9638378284182,15.5853154544574,8.64515201109459,1.12512157395474,0.101010101010101,1.19069731306934,0,0.235777854230769,0.4856193352,0.303705134444444,22.5701730769231,19.8,19.75,28.243083028,34.498,19.9264759470833,0.904623076923077,2.99608,1.79999444444444,2.46153846153846,2,2.58333333333333,0.0769230769230769,0.8,0.576388888888889,2.76923076923077,2.8,2.22222222222222,0.846153846153846,1.4,1.90277777777778,0.831923076923077,0.553,1.48666666666667,2.73076923076923,2.2,2.38916666666667,0.0769230769230769,0.8,0.305555555555556,-13.3148018256761
"28",109.534943181818,2.72727272727273,2.64190600067097,2.48148148148148,1,1.22675704903649,1.56481481481481,0.467181818181818,1.06169309704603,1.76558641975309,2.53636363636364,2.12026726979566,1.5854012345679,0.0181818181818182,0.36903625052197,0.558641975308642,0.302719451245455,0.35628831241714,0.338842662320988,19.1840176992364,18.2554686337002,18.2929012345679,27.0285103059364,17.9250052836807,15.5778554779105,0.676110909090909,4.14122495810243,6.7505962962963,2.16363636363636,2.29137030939543,2.5,0.0363636363636364,0.515081393667563,0.773148148148148,"fluct",71,1,0.521678568401049,1,1,1,0,1,1,1,0,6,24,0,1,0,0,0,0,0,0,0,0,0,0,0,0,0,0,0,0,0,0,0,0,0,1,0,0,0,0,0,0,1,0,0,0,0,0,0,0,0,1,1,0,0,0,1,0,0,0,0,0,0,0,0,0,0,0,0,0,0,0,0,0,0,0,1,0,1,0,0,0,0,0,0,0,0,0,0,0,0,0,0,0,1,0,0,1,0,0,0,0,0,0,0,0,1,0,0,0,0,0,0,0,0,0,0,0,0,0,0,0,1,0,0,0,0,0,0,0,0,1,1,0,0,0,0,0,0,0,0,0,0,0,0,0,0,0,0,0,1,0,0,0,0,0,1,0,0,0,0,0,0,0,0,0,0,0,0,0,0,1,0,0,0,0,0,0,0,0,0,1,0,0,0,0,0,0,0,0,1,0,0,0,0,0,1,0,0,0,0,0,1,0,0,1,0,0,0,0,0,1,0,0,0,0,0,0,0,1,0,0,0,0,0,0,0,1,0,0,0,1,0,0,0,0,0,0,0,0,0,0,0,0,0,0,0,1,0,0,1,0,0,0,0,0,0,0,0,0,1,0,0,0,0,0,0,0,0,0,0,0,0,0,0,0,0,0,-0.0133441211737928,0.147692507555554,0,0,0,3,16.0077015756234,16.257272665554,7.89097780536344,1.48469441636297,0,1.1163766375527,0,0.192377542466667,0,0.281031115918367,21.25415,0,21.8877551020408,32.6868359788,0,20.8937548794898,0.743673333333333,0,1.33747346938776,2.53333333333333,0,2.59183673469388,0.0666666666666667,0,0.443877551020408,2.8,0,2.24489795918367,0.6,0,1.71428571428571,0.587666666666667,0,1.58530612244898,2.76666666666667,0,2.38959183673469,0.0666666666666667,0,0.183673469387755,-15.924904938834
"29",93.6112,2.86363636363636,2.77777777777778,2.62328767123288,1.22727272727273,0.916666666666667,1.28082191780822,0.411818181818182,0.854444444444444,1.41890410958904,2.68227272727273,2.28777777777778,1.81253424657534,0.0681818181818182,0.388888888888889,0.534246575342466,0.239442476545455,0.387307070777778,0.348565208571918,18.6025728777273,20.2333333333333,17.3037257534247,23.3249643672955,17.950996822,15.7139722736267,1.29723909090909,5.06025777777778,5.79280136986301,2.5,2.11111111111111,2.28082191780822,0.0909090909090909,0.611111111111111,0.775684931506849,"stable",46,1,0.0476297728747396,1,1,1,0,1,0,1,0,5,4.75,0,0,0,0,0,0,0,0,0,0,0,0,0,0,0,0,0,0,0,0,0,0,0,0,0,0,1,0,0,0,0,0,0,0,0,0,0,0,0,1,0,0,0,0,0,0,0,0,0,0,0,0,0,0,0,0,0,0,0,0,0,0,0,0,1,0,0,0,0,0,1,0,0,0,0,0,0,0,0,0,0,0,1,0,0,0,1,0,1,0,0,1,0,0,0,0,0,0,0,0,0,0,0,0,0,0,0,0,0,0,0,0,0,0,0,0,0,0,0,1,0,0,0,0,0,0,0,0,0,0,0,1,0,0,0,0,1,0,1,0,0,0,0,0,0,0,0,0,0,1,0,0,0,0,0,0,0,0,0,0,0,0,0,0,0,0,0,0,0,0,0,0,1,0,0,0,0,0,1,0,0,0,0,0,1,1,0,0,0,0,0,0,0,0,1,0,0,0,0,0,0,0,0,0,1,0,0,0,0,1,0,0,0,1,0,0,0,0,1,1,0,0,0,0,0,0,0,0,0,0,0,0,0,0,0,1,0,0,0,0,0,0,0,0,0,0,0,0,1,0,0,1,0,0,0,0,0,0,0,0,0,0,0,0,0,0,0.000331012831887299,0.00914356777955466,0,0,0,3,6.71368892981059,14.4747243123437,3.23449396600309,0,0.454545454545455,0.700788824013367,0,0,0.274081389666667,0.334668467777778,0,28.7,20.3777777777778,0,35.69,17.1206671641389,0,1.28586666666667,2.58946111111111,0,2,2.75,0,0.333333333333333,0.659722222222222,0,2.33333333333333,2.5,0,0.5,2.20833333333333,0,0.166666666666667,1.03777777777778,0,2.16666666666667,2.6925,0,0.333333333333333,0.472222222222222,23.1514264768125
"30",86.5255617977528,2.72151898734177,2.6,2.41463414634146,0.943037974683544,0.966666666666667,1.19105691056911,0.640379746835443,0.616,1.28841463414634,2.53835443037975,2.33066666666667,1.87524390243902,0.0506329113924051,0.266666666666667,0.422764227642276,0.237815919196203,0.323687579933333,0.379481649804878,19.7111864350506,18.2228993333333,14.8901502439024,26.4269843494367,19.676370779,14.8712773631382,0.502870632911392,1.83059466666667,5.4123837398374,2.36708860759494,2.13333333333333,2.08943089430894,0.0506329113924051,0.333333333333333,0.650406504065041,"stable",56,1,0.462538547351252,1,1,1,0,0,0,0,1,4,22.75,0,0,0,0,0,0,0,0,0,0,0,0,0,0,0,0,0,0,0,0,0,0,0,0,0,0,1,1,0,0,1,0,0,0,1,1,0,0,0,1,0,0,0,0,1,0,1,0,1,0,0,0,0,0,0,0,0,0,1,0,0,0,0,0,1,0,0,0,0,0,1,1,0,0,0,0,0,0,0,0,0,0,1,0,0,0,1,0,1,0,0,0,0,0,0,0,0,0,0,0,0,0,0,0,0,0,0,0,0,0,0,0,0,0,0,0,0,0,0,1,1,0,0,0,0,0,0,0,0,0,0,0,0,0,0,0,0,0,0,0,0,1,0,0,0,0,0,0,0,0,0,0,0,0,0,0,0,0,0,1,0,0,0,0,0,0,0,0,0,0,0,0,1,0,0,0,0,0,0,0,0,0,0,0,1,0,1,0,0,0,0,0,0,1,0,0,0,0,0,1,0,0,0,0,0,0,1,0,0,1,0,0,0,0,0,0,0,0,1,1,0,0,0,0,0,0,0,0,0,0,1,1,0,0,0,1,0,0,0,0,0,0,0,0,0,0,0,0,1,0,0,0,0,0,0,0,0,0,0,0,0,0,0,0,0,0,-0.00200839762289091,0.0134653748972458,0,0,0,3,30.8489721075508,9.89471533326904,1.53236742295464,1.08725962466593,0,0,0,0.239891498769231,0,0,22.4384615384615,0,0,27.3869686842308,0,0,0.535230769230769,0,0,2.23076923076923,0,0,0,0,0,2.92307692307692,0,0,0.5,0,0,0.538461538461538,0,0,2.69230769230769,0,0,0,0,0,-12.6312935745741
"31",85.56052141527,2.77966101694915,2.71052631578947,2.72463768115942,0.995762711864407,1.14912280701754,1.18840579710145,0.576610169491525,1.03149122807018,1.13782608695652,2.6225,1.96706140350877,1.8254347826087,0.0593220338983051,0.333333333333333,0.36231884057971,0.228931612872881,0.343361855921053,0.356390208405797,20.093708197161,16.6957293871053,16.3190591223116,26.9628185134788,16.3983177952018,16.395122967442,0.873576779661017,4.46799192982456,4.54658376811594,2.40677966101695,2.28070175438596,2.22463768115942,0.0593220338983051,0.526315789473684,0.557971014492754,"stable",130,1,1.36883758442513,1,1,1,0,0,0,0,1,4,54,0,0,0,0,0,1,0,0,0,0,1,0,0,0,0,0,0,0,0,0,0,0,0,0,0,0,1,1,0,0,1,0,0,0,1,1,0,0,1,1,0,0,0,0,1,0,1,0,1,0,0,0,0,0,0,0,0,0,1,0,0,0,0,0,1,0,0,0,0,0,1,1,0,0,0,0,0,0,0,0,0,0,1,0,0,1,1,0,1,0,0,0,0,0,0,0,0,0,0,0,0,0,0,0,0,0,1,0,0,0,0,0,0,1,0,0,0,0,0,1,0,0,0,0,0,0,1,0,0,0,0,0,0,0,1,0,0,0,0,0,0,1,0,0,0,0,0,0,0,0,0,0,0,0,0,0,0,0,0,1,0,1,0,0,0,1,1,0,0,0,0,0,1,0,0,1,0,1,1,0,0,0,0,0,1,0,1,0,0,0,0,0,0,1,0,0,1,0,0,1,0,0,0,0,0,0,0,1,0,1,0,0,0,0,0,1,0,0,1,1,0,0,1,0,0,0,1,0,1,0,1,1,0,0,0,1,0,0,0,0,0,0,0,0,0,0,0,0,1,0,0,0,0,0,1,0,1,0,0,0,0,0,0,0,0,0,-0.00200839762289091,0.0134653748972458,0,0,0,3,24.893822950439,17.1287640783197,18.7977913518072,0.954769821601448,0.0909090909090909,0.094754307729194,0,0.26591551975,0.364334406428571,0.242837242,24.7425,24.3571428571429,24.775,30.2258232473,37.0614285714286,22.55408347,2.0824,2.64114285714286,0.59625,2.35,2,2.5,0.3,0.714285714285714,0.1875,3,2.71428571428571,2.25,0.9,1.07142857142857,1.25,0.49425,0.357142857142857,1.76,2.79425,2.35714285714286,1.9425,0.3,0.714285714285714,0,-16.3980767003185
"32",93.9153318077803,2.59459459459459,2.59139784946237,2.5958904109589,1.37837837837838,1.38709677419355,1.42123287671233,1.19527027027027,1.37096774193548,1.35582191780822,1.755,1.67951612903226,1.7477397260274,0.243243243243243,0.494623655913978,0.506849315068493,0.303354564162162,0.327797567494624,0.308689740369863,18.7475171363108,19.7267203225806,19.6844479057705,20.3563126006486,18.9562925790968,19.455008217,2.8802713062973,4.04172838709677,4.30193767123288,2.2972972972973,2.45161290322581,2.3972602739726,0.290540540540541,0.60752688172043,0.575342465753425,"stable",54,1,0.379395710900055,1,1,1,1,1,1,1,1,8,10,1,0,0,0,0,0,0,0,1,1,0,0,0,0,0,0,1,1,0,0,0,0,0,0,0,0,0,0,1,0,1,0,0,0,0,0,0,0,0,1,0,0,0,0,0,0,0,0,0,0,0,0,0,0,0,0,0,0,1,0,0,0,0,0,1,0,0,0,0,0,0,1,0,0,1,0,0,0,0,0,0,0,0,0,0,0,0,0,0,0,0,1,0,0,0,0,0,0,0,0,1,0,0,0,0,1,0,0,1,0,0,0,0,0,0,0,0,0,1,1,0,0,0,0,0,0,0,0,1,1,0,0,0,0,0,0,1,0,0,0,0,0,0,1,1,0,0,0,0,1,0,0,0,0,0,0,0,0,0,0,0,0,0,0,0,1,0,0,0,0,0,0,0,0,1,0,0,0,0,0,0,0,0,0,0,1,1,0,0,0,0,1,0,0,0,0,0,0,0,1,0,1,0,0,0,0,1,1,0,1,0,0,0,0,0,0,0,0,1,0,0,1,0,0,0,0,0,0,0,0,0,0,0,0,0,1,0,0,0,0,0,0,0,0,0,0,1,0,1,0,0,0,0,0,0,0,0,0,0,0,1,0,0,1,1,0,-0.00161112739893583,0.00463965474953834,0,0,0,3,22.1605463334507,22.8945234573297,16.7953713839067,1.34705310812818,0.556818181818182,1.63678828462359,0,0.376510114375,0.4998376335,0.180888507684211,26.2658249299375,22.575,23.4184210526316,20.228696299,26.2913768115,18.3961968024474,7.27595,10.4038,1.23186315789474,2.75,2.5,2.65789473684211,0.5,1,0,3,3,2.65789473684211,2,2.25,0.684210526315789,0.956875,0.9425,1.65789473684211,2.331875,1.9425,1.34210526315789,0.5,1,0,-9.80363985020011
"33",81.1556091676719,2.75,2.54098360655738,2.48979591836735,1.04545454545455,1.12295081967213,1.36734693877551,0.84,1.20598360655738,1.36448979591837,2.23102272727273,1.87639344262295,1.69122448979592,0.204545454545455,0.213114754098361,0.448979591836735,0.321102629801136,0.357194287196721,0.322204268010204,17.2928483822955,17.713161441541,18.0307135745,24.3540103267727,19.0375285506066,17.6512849091837,1.46743045454545,3.65610950819672,4.27860163265306,2.29545454545455,2.0327868852459,2.12244897959184,0.244318181818182,0.389344262295082,0.63265306122449,"shrink",40,1,0.624991557895945,1,1,1,1,1,1,1,1,8,24.33333333,1,0,0,0,0,0,0,0,0,0,0,0,0,0,1,0,0,0,1,0,0,0,0,0,0,0,0,0,0,0,1,0,0,0,1,0,0,0,0,1,0,0,0,0,0,0,0,0,0,0,0,0,0,0,0,0,0,0,0,0,0,0,0,0,1,0,0,0,0,0,0,0,0,0,0,0,0,0,0,0,0,0,0,0,0,0,0,0,0,0,0,0,0,0,0,0,0,0,0,0,0,0,0,0,0,0,0,0,0,1,1,0,0,0,0,0,1,0,0,1,1,0,0,0,0,0,0,0,0,0,0,0,0,0,0,0,1,0,1,0,0,0,0,0,0,0,0,0,0,0,0,0,0,0,0,0,0,0,0,0,0,0,0,0,0,0,0,0,0,0,0,1,1,0,0,0,0,0,0,0,0,0,0,0,0,0,1,0,0,0,1,1,0,0,0,0,0,0,0,1,0,0,0,0,0,0,0,1,0,0,0,0,0,0,0,0,0,0,0,1,0,0,0,0,0,0,0,0,0,0,0,0,0,0,0,1,0,0,0,0,0,0,0,0,0,0,0,0,1,0,0,0,0,0,0,0,0,0,0,0,0,0,0,0,0,1,-0.0392958092994737,0.0228817099716652,0,0,0,3,12.223580284808,15.4454568905677,12.5007192920503,0.748946390793857,0.0505050505050505,0,1,0.291881558526316,0.521349446,0,19.3631578947368,18.9333333333333,0,26.337635756,32.1033333333333,0,1.35354736842105,2.55506666666667,0,2.31578947368421,2,0,0.210526315789474,0.666666666666667,0,3,2.66666666666667,0,1.15789473684211,1.33333333333333,0,0.789473684210526,0.588333333333333,0,2.76315789473684,2,0,0.210526315789474,0.666666666666667,0,-9.84234166012416
"34",85.7357284549262,2.97101449275362,2.75609756097561,2.58125671346212,1.10144927536232,0.963414634146341,1.18822970422875,0.326521739130435,0.390243902439024,1.41470510834405,2.92753623188406,2.53658536585366,1.78483129706338,0.102322070448741,0.37004559491376,0.446463433680892,0.215773036,0.233940021463415,0.357964127469129,21.3919201948261,21.314730222,16.846632067178,22.8918978825797,23.7927528945,15.4237989795847,0.701477101449275,0.630600975609756,6.12202156074551,2.30434782608696,2.39024390243902,2.2251186072441,0.117245088242725,0.507282099117938,0.691534454304125,"stable",26,1,0.852272217245324,1,1,1,0,1,0,1,1,6,45.25,0,0,0,0,0,0,0,0,0,0,0,0,0,0,0,0,0,0,0,0,0,0,0,0,0,0,0,0,0,0,0,0,0,0,0,0,0,0,0,0,0,0,0,0,0,0,0,0,0,0,0,0,0,0,0,0,0,0,1,0,0,0,0,0,0,0,0,0,0,0,0,0,0,0,0,0,0,0,0,0,0,0,1,0,0,0,0,0,1,0,0,0,0,0,0,0,0,0,0,0,0,0,0,0,0,0,1,0,0,0,0,0,0,0,0,0,0,0,0,1,0,0,0,0,0,0,0,0,0,0,0,0,0,0,0,0,0,0,0,0,0,0,0,0,0,0,0,0,0,0,0,0,0,0,0,0,0,0,0,1,0,0,0,0,0,0,1,0,0,0,0,0,0,0,0,0,0,0,0,0,0,0,0,0,0,0,0,0,0,0,0,0,0,0,0,0,0,0,0,0,0,0,0,0,0,0,0,0,0,0,0,0,0,0,0,0,0,0,1,0,0,0,0,0,0,0,0,0,0,0,1,0,0,0,0,0,0,0,0,0,0,0,0,0,0,0,0,0,0,0,1,1,0,0,0,1,0,0,0,0,0,0,0,0,0,0,0.0211597935917005,0.0398103866788918,0,0,0,3,1.80802087080175,3.41027436839888,5.7172561518321,0,0,0,0,0,0,0,0,0,0,0,0,0,0,0,0,0,0,0,0,0,0,0,0,0,0,0,0,0,0,0,0,0,0,0,0,0,23.1834709386959
"35",75.8429049914223,2.57425742574257,2.53225806451613,2.55555555555556,1.0990099009901,1.14516129032258,1.31481481481481,0.893762376237624,0.961290322580645,1.4612037037037,2.21831683168317,2.22241935483871,1.62685185185185,0.0346534653465347,0.548387096774194,0.574074074074074,0.365611020034653,0.389584007403226,0.343085841259259,18.7849039689109,23.2214905646452,20.9583333333333,22.9740883311436,19.3846696334839,16.0866519768889,1.15848059405941,7.5675335483871,7.45656296296296,2.33663366336634,2.7741935483871,2.62962962962963,0.0396039603960396,0.580645161290323,0.648148148148148,"stable",97,1,2.00028978215398,1,1,1,0,1,0,1,1,6,91.25,0,0,0,0,0,0,0,0,0,0,0,0,0,0,0,0,0,0,0,0,0,0,0,1,0,0,1,0,0,0,1,0,0,0,0,0,1,0,0,1,0,0,0,0,0,0,0,0,0,0,0,0,0,0,0,0,0,0,1,0,0,0,0,0,1,0,0,0,0,0,0,0,0,0,0,0,0,0,0,0,0,0,1,0,0,0,1,1,1,0,0,0,0,0,1,0,0,0,0,0,0,0,0,0,0,0,0,0,0,0,1,0,0,0,0,0,0,0,0,1,1,0,0,0,0,0,0,0,0,0,0,0,0,1,0,0,0,0,0,0,0,0,0,0,0,0,0,1,0,0,0,0,1,0,0,0,0,0,0,1,0,0,0,0,1,1,0,0,0,1,0,0,1,0,0,0,0,0,0,0,0,0,0,1,1,0,0,0,0,0,0,0,0,0,0,0,0,0,1,0,0,0,0,0,0,1,0,1,0,1,0,0,0,0,1,0,0,0,0,1,0,0,1,1,0,0,0,0,0,0,0,0,0,0,0,1,0,0,0,0,0,0,0,0,0,0,0,0,0,1,0,1,1,0,1,0,0,0,0,0,0,0,0,0,0,0,0.000996744425756543,0.0363632725175919,0,0,0,3,5.25144621756712,10.0674834575677,4.20683756538244,0.309067496049583,0.363636363636364,0.222222222222222,0,0.5736608968,0.477233145333333,0.239391322666667,24.55,22.0833333333333,29.5666666666667,18.22392135,30.2242512076667,20.6058465606667,1.09944,8.15506666666667,0.783333333333333,1.5,2.33333333333333,2.66666666666667,0,1,0,2.3,3,2.66666666666667,0.4,2,1.16666666666667,1,0.795,1.33333333333333,0.9,2.12833333333333,2,0,1,0,-6.71514037823425
"36",100.537542662116,2.72566880173819,2.5,2.47916666666667,1.07661920283798,1.25,1.33333333333333,0.651497259804571,1.00230769230769,1.65215277777778,2.46669813885991,2.41653846153846,1.75194444444444,0.110424920442772,0.269230769230769,0.388888888888889,0.286681685569913,0.338628369865385,0.330991215920139,19.3840742693681,17.3894008654615,16.8819077170208,24.0077523476624,16.8739685481346,15.5961460716562,1.26789129176296,3.15050923076923,6.233355,2.28098837253152,2.19230769230769,2.35416666666667,0.135157999856906,0.490384615384615,0.682291666666667,"stable",13,1,0.0288840117678937,1,1,1,0,1,1,1,1,7,1.75,0,0,0,0,0,0,0,0,0,0,0,0,0,0,0,0,0,0,0,0,0,0,0,0,0,0,0,0,0,0,1,0,0,0,0,1,0,0,0,1,0,0,0,0,0,0,0,0,0,0,0,0,0,0,0,0,0,0,0,0,0,0,0,0,0,0,0,0,0,0,0,1,0,0,0,0,0,0,0,0,0,0,0,0,0,0,0,0,0,0,0,0,0,0,0,0,0,0,0,0,0,0,0,0,0,0,0,0,0,0,0,0,0,0,0,0,0,0,0,0,0,0,0,0,0,0,0,0,0,0,0,0,0,0,1,0,0,0,1,0,0,0,0,0,0,0,0,0,0,1,0,0,0,0,0,0,0,0,0,0,0,0,0,0,1,0,0,0,0,0,0,0,1,0,0,0,0,0,0,0,0,0,0,0,0,0,0,0,0,0,0,0,0,0,0,0,0,0,0,0,0,0,0,0,0,0,0,0,0,1,0,0,0,0,0,0,0,0,0,0,0,0,0,0,0,0,0,0,0,0,0,0,0,0,0,0,0,0,0,0,0,0,0,0,0,0,0,0,0,0,0,0,0,0,0,0,0,0,0,0,1,0,0,0,0,0,0.000593927079704544,0.010939141743438,0,0,0,3,16.1653688435935,28.0111743933757,2.66673247159626,0,0.454545454545455,0.522220360922694,0,0,0.251421389666667,0.286612394514286,0,16.2633333333333,20.0914285714286,0,25.6569085173333,21.2217471884,0,1.85653333333333,1.33407428571429,0,2.66666666666667,2.57142857142857,0,0.333333333333333,0.521428571428571,0,3,2.11428571428571,0,1.66666666666667,1.8,0,0.166666666666667,1.67428571428571,0,2.83333333333333,2.44428571428571,0,0.333333333333333,0.2,23.1118730395197
"37",90.2267581888247,2.73684210526316,2.84210526315789,2.58494399435527,1.45394736842105,1.76315789473684,1.22766356597826,0.837105263157895,0.896842105263158,1.46163743140078,2.40960526315789,2.29157894736842,1.78256877528845,0.230263157894737,0.526315789473684,0.479250815945878,0.329371275447368,0.386909496973684,0.354109478774046,24.4564933273158,21.7210526315789,17.6483874462275,22.1769943936842,24.3074620510789,15.6018158198718,3.63428157894737,5.16616842105263,6.52387102313197,2.55263157894737,2.52631578947368,2.30229953095568,0.236842105263158,0.578947368421053,0.698890819898008,"stable",46,1,0.808709759893383,1,1,1,0,1,1,1,1,7,48.5,0,0,0,0,0,0,0,0,0,0,0,0,0,0,0,0,0,0,0,0,0,0,0,0,0,0,0,0,0,0,1,0,0,0,0,0,0,0,0,1,0,0,0,0,0,0,0,0,0,0,0,0,0,0,0,0,0,0,1,0,0,0,0,0,0,0,0,0,0,0,0,1,0,0,0,0,0,0,0,0,0,0,1,0,0,0,1,0,1,0,0,0,0,0,0,0,0,0,0,0,0,0,0,0,0,0,1,0,0,0,0,0,0,0,0,0,0,0,0,1,0,0,0,0,0,0,0,0,0,0,0,0,0,0,0,0,0,0,0,0,0,0,0,0,0,0,0,0,0,0,0,0,0,0,0,0,0,0,0,1,0,0,0,0,0,0,1,0,0,0,0,0,0,0,0,1,0,0,0,0,0,0,0,1,0,0,0,0,0,0,0,0,0,1,0,0,0,0,1,0,0,0,0,0,0,0,0,0,0,0,0,0,0,0,1,0,0,0,0,0,0,0,1,1,0,0,1,0,0,0,1,0,0,0,0,0,0,0,0,0,0,0,0,0,0,0,0,0,0,0,0,0,0,0,1,0,0,0,0,0,0,0,0,0,0,0,0.00543333050324322,0.0107483472459124,0,0,0,3,2.24543155816222,2.73736382973516,6.36566820937243,0.481026722935764,0.581818181818182,0,0,0.429179659818182,0.492302804111111,0,28.0909090909091,22.4111111111111,0,18.2520945147576,27.6023349435556,0,7.06036363636364,9.65422222222222,0,2.6969696969697,2.44444444444444,0,0.424242424242424,1,0,2.87878787878788,3,0,1.86363636363636,2.16666666666667,0,1.10969696969697,0.893333333333333,0,2.01878787878788,2.00444444444444,0,0.424242424242424,1,0,-9.54512249037588
"38",82.4496830427892,2.83333333333333,2.59459459459459,2.63636363636364,1.05555555555556,1.10135135135135,1.18181818181818,0.71787037037037,0.827094594594595,1.20090909090909,2.5837037037037,1.92574324324324,1.695,0.037037037037037,0.148648648648649,0.393939393939394,0.330949196592593,0.389742205851351,0.32254662380303,18.269224368537,16.3451854581689,20.0637045454545,24.4521729651111,23.5311546978919,18.043429016197,0.694718148148148,1.7710672972973,5.40752121212121,2.2037037037037,2.17567567567568,2.24242424242424,0.037037037037037,0.216216216216216,0.537878787878788,"increase",57,1,0.424891213498784,1,1,1,0,1,1,1,1,7,54.5,0,0,0,0,0,0,0,0,0,0,0,0,0,0,0,0,0,0,0,0,0,0,0,1,0,0,0,0,0,0,1,0,0,0,1,0,0,0,0,1,1,0,0,0,0,0,0,0,0,0,0,0,0,0,0,0,0,0,1,0,0,0,0,0,1,0,1,0,0,0,0,0,0,0,0,0,0,0,0,0,0,0,0,0,0,0,1,0,0,0,0,0,0,0,0,0,0,0,0,0,0,0,0,0,0,0,0,0,0,0,1,0,0,0,0,0,0,0,0,1,1,0,0,0,0,0,0,0,0,0,0,0,0,0,0,0,0,0,0,0,0,0,0,0,0,0,0,0,0,0,0,0,0,0,0,0,0,1,0,1,0,0,0,0,0,0,0,1,0,0,0,0,1,0,0,0,0,0,1,0,0,0,0,1,0,0,0,0,0,0,0,0,0,1,0,0,0,0,0,0,0,0,0,0,0,0,0,1,0,0,0,0,0,0,1,1,0,0,0,1,0,0,0,0,0,0,0,0,0,0,0,0,0,0,0,1,0,0,0,0,0,0,0,0,0,0,0,0,0,0,0,1,0,0,0,0,0,0,0,0,0,0,0,0,0,0,0.0156449134346669,0.0133155721973164,0,0,0,3,2.22121749860331,6.31053561202394,11.4349927611745,0.156733271941435,0.187828700225394,0.795408006583891,0,0.289809942666667,0.5660120845,0.237413161333333,15.2444444444444,17.85,23.8166666666667,20.4470855378889,29.11,23.03938898,0.705022222222222,2.0038,0.514166666666667,2.11111111111111,2,2.33333333333333,0,0.5,0.125,2.88888888888889,2.5,2.16666666666667,1.05555555555556,1.25,1,1,0.6325,1.84,2.61111111111111,1.75,1.295,0,0.5,0,-2.70095279891572
"39",93.2314436002338,2.76190476190476,2.53333333333333,2.56707317073171,1.04761904761905,1.13333333333333,1.21036585365854,0.457738095238095,1.02066666666667,1.41301829268293,2.54761904761905,2.15833333333333,2.00143292682927,0.102382950189123,0.4,0.439024390243902,0.298804786666667,0.3782648398,0.402103227756098,17.3827521964762,16.729,15.6223780487805,25.0691047334048,15.1365664627667,13.5202085929878,0.628239523809524,4.63608,6.31709463414634,2.33333333333333,2.13333333333333,1.9969512195122,0.121010023380025,0.666666666666667,0.839939024390244,"shrink",38,1,0.421319555909181,1,1,1,1,1,0,1,0,6,15.25,0,0,0,0,0,0,0,0,0,0,0,0,0,0,0,0,0,0,0,0,0,0,0,0,0,0,0,0,0,0,1,0,0,0,0,0,0,0,0,1,0,0,0,0,0,0,0,0,0,0,0,0,0,0,0,0,0,0,1,0,0,0,0,0,0,0,0,0,0,0,1,1,0,0,0,0,0,0,0,0,0,0,0,0,0,1,0,0,1,0,0,0,0,0,1,0,0,0,0,0,0,0,0,0,0,0,0,1,0,0,1,0,0,0,0,0,0,0,0,1,0,0,0,0,0,0,0,0,0,0,0,0,0,0,0,0,0,0,0,0,0,0,0,0,0,0,0,0,0,0,0,0,0,0,0,0,0,0,0,1,0,0,0,0,0,0,0,0,0,0,0,0,0,0,0,0,0,0,0,0,0,0,0,0,1,0,1,0,0,0,0,0,0,0,1,0,0,0,0,0,0,0,0,0,0,0,0,0,0,0,0,0,0,0,0,1,0,0,1,0,0,0,0,0,1,0,0,0,0,0,0,0,0,0,0,1,0,0,0,0,0,0,0,0,0,0,0,0,1,0,0,1,0,0,0,0,0,0,0,0,0,0,0,0,0,1,-0.00455921126697042,0.00411915824624912,0,0,0,3,19.4107676852785,39.3434050060018,4.12746218410518,0.125,0,0.0625299219075759,0,0.164578161333333,0,0.411074972842105,26.9235833333333,0,18.4105263157895,30.659589947,0,11.5273545134737,0.678333333333333,0,4.41792631578947,2.66666666666667,0,2.94736842105263,0,0,0.934210526315789,2.66666666666667,0,2.89473684210526,0.5,0,2.84210526315789,0.701666666666667,0,0.212631578947368,2.66666666666667,0,2.93526315789474,0,0,0.894736842105263,-17.9086215493917
"40",80.8337247914473,2.71227812285047,2.51785714285714,2.588756198641,1.06585813163773,1.125,1.23755389050976,0.632030515057133,0.890892857142857,1.34010492445727,2.46315287669621,2.69482142857143,1.83523600355052,0.108794204745078,0.40625,0.442857063202382,0.294236222353613,0.399365078241071,0.357177064019335,20.0065978065019,17.9869707593304,17.0207672196757,22.756462379433,13.8156181387991,15.6155477230771,1.28746111479528,2.640153125,5.72257055872873,2.24637908622826,1.98214285714286,2.24868039959154,0.127457402639634,0.691964285714286,0.675866839711414,"stable",9,1,0.383585343274657,1,1,1,0,1,1,1,0,6,23.33333333,0,0,0,0,0,0,0,0,0,0,0,0,0,0,0,0,0,0,0,0,0,0,0,0,0,0,1,0,0,0,0,0,0,0,0,0,0,0,0,0,0,0,0,1,0,0,0,0,0,0,0,0,0,0,0,0,0,0,0,0,0,0,0,1,0,0,0,0,0,0,0,0,0,0,0,0,0,0,0,0,0,0,0,0,0,0,0,0,1,0,0,0,0,0,0,0,0,0,0,0,0,0,1,0,0,0,0,0,0,0,0,0,0,0,0,0,0,0,0,0,0,0,0,0,1,0,0,0,0,0,0,0,0,0,0,0,0,0,0,0,0,0,0,0,0,0,0,0,0,0,0,0,0,0,0,0,0,0,0,0,0,0,0,0,0,0,0,0,0,0,0,0,0,0,0,0,0,0,0,0,0,0,0,0,0,0,0,0,0,0,0,0,0,0,0,0,0,0,0,0,0,0,0,0,0,0,0,0,0,1,0,0,0,0,0,0,0,0,0,0,0,0,0,0,0,0,0,0,0,0,0,0,0,0,0,0,0,0,0,0,0,1,0,0,0,0,0,0,0,0,0,0,0,0,0,0,0,0,0,0,1,0,0,0,0,0,-0.0060433811572392,0.00541667081273511,1,1,1,0,9.55092983288155,11.5718927597986,6.96855471559689,0,0.275218808616114,0,0,0,0.2098929446,0,0,24.1810274114667,0,0,25.9162422581333,0,0,0.56634,0,0,2,0,0,0.0666666666666667,0,0,2.53333333333333,0,0,0.5,0,0,0.5,0,0,1.83333333333333,0,0,0.0666666666666667,0,23.1866073652821
"41",98.1660839160839,2.70967741935484,2.73469387755102,2.66216216216216,1.01612903225806,1.23469387755102,1.36148648648649,0.532258064516129,1.13887755102041,1.46435810810811,2.53225806451613,1.94081632653061,1.61875,0.161290322580645,0.428571428571429,0.527027027027027,0.299790198564516,0.378174664622449,0.369373135429054,20.5498114730323,16.9829880403775,16.8074477108953,24.5348657455645,16.7855132636224,14.4436351635608,1.10436516129032,4.12875346938776,5.65836486486486,2.29032258064516,2.28571428571429,2.33783783783784,0.193548387096774,0.586734693877551,0.8125,"stable",24,1,0.0379645782748157,1,1,1,0,1,0,1,0,5,1.5,0,0,0,0,0,0,0,0,1,0,0,0,0,0,0,0,0,0,0,0,0,0,0,0,0,0,1,0,0,0,1,0,0,0,0,0,0,0,0,1,0,0,0,0,0,0,0,0,0,0,0,0,0,0,0,0,0,0,1,0,0,0,0,0,0,0,0,0,0,0,1,1,0,0,0,0,0,0,0,0,0,0,1,0,0,0,0,0,1,0,0,0,0,0,0,0,0,0,0,0,0,0,0,0,0,0,1,0,0,0,0,0,0,0,1,0,0,0,0,0,0,0,0,0,0,0,1,0,0,0,0,0,0,0,0,0,0,0,0,0,0,0,0,0,0,0,0,0,0,0,0,0,0,0,0,0,0,0,0,1,0,0,0,0,0,0,0,0,0,0,0,0,0,0,0,0,0,0,0,0,0,0,0,0,1,0,1,0,0,0,0,0,0,0,0,0,0,0,0,1,0,0,0,0,0,0,0,0,0,1,0,0,0,0,0,0,0,0,0,0,0,0,0,0,0,0,1,0,0,0,0,0,0,0,0,0,0,0,0,0,0,0,0,0,0,0,0,0,1,0,0,0,0,0,0,0,0,0,0,0,0,0,0,0,0,0,-0.00137811742475528,0.00626539936357237,0,0,0,3,17.5251297398687,16.7060936451084,9.48270969140935,0.303030303030303,0.181818181818182,0.124567474048443,0,0.34776812675,0.392538474166667,0.248639297846154,22.975,23,24.5538461538462,38.48625,37.49,22.555702286,2.8332,3.06466666666667,0.628846153846154,2.25,2,2.61538461538462,0.75,0.833333333333333,0.288461538461538,3,2.83333333333333,2.23076923076923,1.125,1.25,1.5,0.375,0.416666666666667,1.78461538461538,2.625,2.41666666666667,2.52692307692308,0.75,0.833333333333333,0,-21.3675353436669
"42",91.509151047409,2.16666666666667,2.59259259259259,2.5546875,0.416666666666667,1.03703703703704,1.10546875,0.808333333333333,0.924444444444444,1.1573046875,1.69444444444444,2.22925925925926,2.0092578125,0.0555555555555556,0.407407407407407,0.3984375,0.368471149416667,0.323197320481481,0.384551879019531,25.025,21.2907407407407,16.59375,17.5697384878889,18.7500764954815,15.3226792664531,0.74548,2.74299259259259,5.472721875,1.72222222222222,2.27777777777778,1.93359375,0.0555555555555556,0.518518518518518,0.755859375,"stable",38,1,0.801698973923928,1,1,1,1,1,0,0,0,5,27,0,0,0,0,0,0,0,0,0,0,0,0,0,0,0,0,0,0,0,0,0,0,0,0,0,0,1,0,0,0,0,0,0,0,0,1,0,0,0,1,0,0,0,0,0,0,0,0,1,0,0,0,0,0,0,1,0,0,0,0,0,1,0,0,1,0,0,0,0,0,0,1,0,0,0,0,0,0,0,0,0,0,0,0,0,1,0,1,0,1,0,0,0,0,0,0,1,1,0,0,0,0,0,0,0,0,0,0,0,0,0,0,0,0,0,0,0,0,0,0,0,0,0,0,0,0,0,0,0,0,0,0,0,0,1,0,0,0,0,0,0,0,0,0,0,0,1,0,0,0,0,0,0,0,0,0,0,0,0,0,0,0,0,0,0,0,0,0,0,0,0,0,0,0,0,0,0,0,0,0,0,0,0,0,0,0,1,0,0,0,0,0,0,0,0,0,0,0,0,0,0,0,0,0,0,0,0,0,0,0,0,0,0,0,0,0,0,0,0,1,0,1,1,0,0,0,1,0,0,0,1,1,0,0,0,0,0,0,0,0,0,0,0,0,0,0,0,0,1,0,1,0,0,0,0,0,0,0,0,0,0,0,0,0,0,0,0.00111464797060005,0.0599734600048578,0,0,0,3,2.16956899067511,14.2837290240325,7.23390268962366,0,0,0.0352312047813778,0,0,0,0.417799632266667,0,0,19.0266666666667,0,0,10.6878607503333,0,0,4.61834666666667,0,0,3,0,0,0.933333333333333,0,0,3,0,0,2.9,0,0,0.0666666666666667,0,0,3,0,0,0.933333333333333,23.5030015590536
"43",98.8909090909091,2.68650793650794,2.58064516129032,2.58206513233052,1.1031746031746,1.32258064516129,1.18053876542739,0.440238095238095,0.668225806451613,1.32791409372073,2.50214285714286,2.36854838709677,1.85039566464626,0.0396825396825397,0.290322580645161,0.426333356950183,0.284565833333333,0.328348847306452,0.352116397023084,20.6985625874365,18.5123469624194,17.0902807192941,21.0221616048452,17.9459503819839,15.9493283172005,0.685352380952381,2.68545548387097,5.07974811242166,2.07936507936508,2.03225806451613,2.22470551722696,0.0396825396825397,0.387096774193548,0.650670211114033,"stable",17,1,0.489449830441881,1,1,1,0,1,0,0,0,4,0,0,0,0,0,0,0,0,0,0,0,0,0,0,0,0,0,0,0,0,0,0,0,0,0,0,1,0,0,0,0,1,0,0,0,0,1,0,0,0,1,0,0,0,0,0,0,1,0,0,0,0,1,0,0,0,0,0,0,1,0,0,0,0,1,0,0,0,0,0,0,1,1,0,0,0,0,0,0,0,0,0,0,0,0,0,0,0,0,1,0,0,0,0,0,0,0,0,0,0,1,0,0,0,0,0,0,0,0,0,0,0,0,0,0,0,0,0,0,0,0,0,0,0,0,0,0,0,0,0,0,0,0,0,0,1,0,0,0,1,0,0,1,0,0,0,0,0,0,0,0,0,0,0,0,0,0,0,0,0,0,0,0,0,0,0,0,0,1,0,0,0,0,0,0,0,0,0,0,0,0,0,0,0,0,0,0,0,0,0,0,0,0,0,0,0,0,0,0,0,0,0,0,0,0,0,0,0,0,0,0,0,0,0,0,0,0,0,0,0,0,0,0,0,0,0,0,0,0,0,0,0,0,0,0,0,0,0,0,0,0,0,0,0,0,0,0,0,0,1,0,0,0,0,0,0,0,0,0,0,0,0,0,0,0,0,0,0.00759794876114851,0.0110644298628776,0,0,0,3,3.79630436277033,16.0568151894446,8.89888713722228,0,0.574169005664995,0,0,0,0.2728536676,0,0,25.92,0,0,32.772,0,0,1.606672,0,0,2,0,0,0.4,0,0,2.6,0,0,0.9,0,0,0.2,0,0,2.4,0,0,0.4,0,23.2939094110992
"44",91.8360581289737,2.76119402985075,2.66666666666667,2.60736196319018,1.13432835820896,1.29166666666667,1.12269938650307,0.845597014925373,1.245,1.40901840490798,2.56723880597015,2.08416666666667,1.74503067484663,0.0895522388059701,0.333333333333333,0.331288343558282,0.243643144350746,0.346374225166667,0.363683928564417,18.7171626754478,18.0323111052917,15.7239086763344,24.5563699089328,16.6073626909583,14.3361192253405,1.66378835820896,3.14245166666667,4.67375398773006,2.3955223880597,2.33333333333333,2.01226993865031,0.104477611940299,0.416666666666667,0.677914110429448,"shrink",110,1,1.0364389760156,1,1,1,0,1,1,1,1,7,26,0,0,0,0,1,0,0,0,1,0,1,0,0,0,1,0,0,0,0,0,0,0,0,1,0,0,1,1,0,1,1,0,0,0,0,0,0,0,0,1,0,0,0,0,0,0,0,0,0,0,0,0,0,0,0,1,1,0,1,0,0,0,0,0,1,0,0,0,0,1,0,0,0,0,0,0,0,0,0,0,0,1,1,0,0,1,1,0,1,0,0,0,0,1,0,0,0,0,0,0,0,0,0,0,0,0,1,0,0,0,0,0,0,1,0,0,0,0,0,1,1,0,0,0,0,0,0,0,0,0,0,0,0,0,0,1,0,0,0,0,0,1,0,0,0,0,0,0,0,0,1,0,0,0,0,0,0,1,0,1,0,1,0,0,0,1,0,0,0,0,0,0,1,0,0,0,0,1,1,0,0,0,0,1,0,0,0,0,0,0,0,1,0,1,0,0,1,0,0,1,0,0,0,0,0,1,0,1,1,1,0,0,0,0,0,0,0,0,1,1,0,0,0,0,0,0,0,1,0,0,0,0,0,1,0,0,0,0,0,0,1,0,0,0,0,0,0,0,1,0,0,0,0,0,0,0,0,0,0,0,0,0,0,0,0,1,-0.00708076126218952,0.00485467046422452,0,0,0,3,32.366787807509,25.2979348232964,2.06918676027278,0.837180028424418,0,0.0660447800586127,0,0.2886315582,0,0.139276954333333,18.12415,0,18.3958333333333,23.5676523464,0,16.32181992325,2.462028,0,1.67823333333333,2.2,0,2.83333333333333,0.1,0,0.125,2.8,0,2.66666666666667,0.9,0,0.625,1.0595,0,1.92333333333333,2.6385,0,1.62833333333333,0.1,0,0,-7.00361666539925
"45",103.441448382126,2.69135802469136,2.66165413533835,2.64601769911504,1.03703703703704,1.2593984962406,1.29203539823009,0.839135802469136,1.19424812030075,1.31097345132743,2.43592592592593,1.9184962406015,1.69212389380531,0.123456790123457,0.37593984962406,0.36283185840708,0.251246985358025,0.369366514406015,0.355368162057522,18.2491092334753,16.0448190497669,15.6028567122566,26.5269899901543,14.4377143767707,12.7382038240664,1.51923555555556,2.89216511278196,3.8224389380531,2.32098765432099,2.20300751879699,2.23008849557522,0.145061728395062,0.590225563909774,0.630530973451327,"shrink",92,1,0.499040241081417,1,1,1,0,1,1,1,1,7,8.5,0,0,0,0,1,0,0,0,0,0,1,0,0,1,0,0,0,0,0,0,0,0,0,1,0,0,1,1,0,0,1,0,0,0,0,0,0,0,0,1,0,0,1,0,0,0,0,0,0,0,0,0,0,0,0,1,1,0,1,0,0,0,0,0,1,0,0,0,0,1,0,1,0,0,0,0,0,0,0,0,0,1,1,0,0,1,1,1,1,0,0,0,1,0,0,0,0,0,0,0,0,0,0,0,0,0,1,0,0,0,0,0,0,1,0,1,1,0,0,0,0,0,0,0,0,0,0,0,0,0,0,0,0,0,0,0,0,0,0,0,0,1,0,0,0,0,0,0,0,0,0,0,0,0,0,0,0,0,0,1,0,1,0,0,0,0,0,0,0,0,0,0,1,0,0,0,0,0,1,0,0,0,0,1,0,0,0,0,0,0,0,0,0,1,0,0,1,0,0,1,0,0,0,0,1,0,1,1,0,1,0,0,0,0,0,0,0,0,1,1,0,0,0,0,0,0,0,0,0,1,0,0,0,1,0,0,0,0,0,0,0,0,0,0,0,0,0,0,1,0,0,0,0,0,0,0,0,0,0,0,0,0,0,0,0,1,-0.00708076126218952,0.00485467046422452,0,0,0,3,50.4824445422409,33.8432170429488,13.8185197699789,1.20556180384619,0.248847588108162,0.0463837937618454,0,0.230543106272727,0.2129178338,0.1748628968,16.5465681818182,22.97,16.54,30.4063636363636,25.0886346625,19.8461539994,0.930101818181818,1.01152,1.18936,2.18181818181818,2.5,2.6,0.0909090909090909,0.2,0.3,2.72727272727273,2.7,2.2,0.590909090909091,0.55,0.9,0.801363636363636,0.6,2.216,2.68181818181818,1.1,1.708,0.0909090909090909,0.2,0,-11.1482543847705
"46",76.0751070177714,2.63291139240506,2.76190476190476,2.57661929813244,1.15189873417722,1.33333333333333,1.23058762657638,0.991962025316456,1.02107142857143,1.5021305939588,2.10677215189873,2.0539880952381,1.76922382814826,0.253164556962025,0.44047619047619,0.474023110370375,0.330849532348101,0.355431875136905,0.354807693938817,20.9091837068544,21.0899276972976,17.3291490500815,21.6320546197342,20.2920705143036,15.9392329774283,3.61661848101266,5.77779047619048,6.56249484489413,2.44303797468354,2.57142857142857,2.29796328666184,0.278481012658228,0.488095238095238,0.686698098324477,"fluct",52,1,1.35996832972804,1,1,1,0,1,1,1,0,6,44.75,0,0,0,0,0,1,0,0,0,0,0,0,0,0,0,0,0,0,0,0,0,0,0,0,0,0,1,0,1,0,1,0,0,0,0,0,0,0,0,0,0,0,0,0,0,0,0,0,0,0,0,0,0,0,0,0,0,0,1,0,0,0,0,0,1,0,0,0,0,0,1,0,0,0,0,1,0,0,0,0,0,0,0,0,0,0,0,1,1,0,0,0,0,0,0,0,0,0,0,0,0,0,0,0,0,1,1,0,0,0,0,0,0,0,0,0,1,0,0,0,0,0,0,0,0,0,0,0,1,0,0,0,0,0,0,1,0,0,0,0,0,0,0,0,0,0,0,0,0,1,0,0,0,0,0,0,0,0,0,0,0,0,0,0,0,1,0,0,0,0,0,0,1,0,0,0,1,0,0,0,0,0,0,1,0,1,0,0,0,0,0,0,0,0,0,0,0,0,0,1,0,0,0,0,0,0,1,1,0,0,0,0,0,0,0,0,0,0,1,0,0,1,1,0,0,0,0,0,0,0,0,0,0,0,0,0,0,0,0,0,0,0,0,0,0,0,0,0,0,0,0,0,0,0,0,0,0,0,0,0,0,0,0,0,0,0,-0.0304612230156892,0.124385497615906,1,1,1,0,6.79301927043949,6.99094440248039,6.49631414557184,1.09789039676633,0.727272727272727,0,1,0.382422932034483,0.4998376335,0,24.7396551724138,22.575,0,21.3699945726207,26.2913768115,0,4.40761379310345,10.4038,0,2.37931034482759,2.5,0,0.413793103448276,1,0,2.72413793103448,3,0,1.51724137931034,2.25,0,0.945689655172414,0.9425,0,1.94568965517241,1.9425,0,0.413793103448276,1,0,-9.51337809822188
"47",76.4966618090623,2.63963963963964,2.73913043478261,2.57725640250794,1.11711711711712,1.3695652173913,1.22029163698805,1.16310810810811,0.885434782608696,1.4973140492958,1.9022972972973,2.2145652173913,1.78644188240439,0.261261261261261,0.391304347826087,0.469042922381668,0.362093689585586,0.379081179478261,0.355464196845945,21.3610816313468,20.4739130434783,17.2672138022912,18.0891029071622,21.3035114240217,16.0586375144839,7.06365783783784,5.90772173913043,6.64023247425113,2.38738738738739,2.52173913043478,2.2919862922392,0.396396396396396,0.434782608695652,0.681529053848665,"stable",41,1,1.63414589014157,1,1,1,0,1,0,0,0,4,50.5,0,0,0,0,0,0,0,0,0,0,0,0,0,0,0,0,0,0,0,0,0,0,0,1,0,0,1,0,1,0,1,0,0,0,0,0,1,0,0,0,0,0,0,0,0,0,0,0,0,0,0,0,0,0,0,0,0,0,1,0,0,0,0,0,1,0,0,0,0,0,0,0,0,0,0,0,0,0,0,0,0,0,0,0,0,0,0,1,1,0,0,0,0,0,0,0,0,0,0,0,0,0,0,0,0,1,0,0,0,0,0,0,0,0,0,0,0,0,0,1,0,0,0,0,0,0,0,0,0,0,0,0,0,0,0,1,0,0,0,0,0,0,0,0,0,0,0,1,0,1,0,0,0,0,0,0,0,0,0,0,0,0,0,0,0,1,0,0,0,0,0,0,1,0,0,0,0,0,0,0,0,0,0,1,0,1,1,0,0,0,0,0,0,0,0,0,0,0,0,1,0,0,0,1,0,0,1,1,0,1,0,0,0,0,0,0,0,0,1,0,0,0,1,0,0,0,0,0,0,0,0,0,0,0,0,0,0,0,0,0,0,0,0,0,0,0,0,0,0,0,0,1,0,0,0,0,0,0,0,0,0,0,0,0,0,0,-0.00917078669220729,0.0663897954467683,1,1,1,0,5.22122919328234,3.68004236376548,6.90808016871816,0.628430047867567,0.436363636363636,0,0,0.393381909846154,0.516790999625,0,28.1448717948718,22.94375,0,20.3406360526154,23.341721014375,0,6.79781538461538,12.09035,0,2.79487179487179,2.625,0,0.487179487179487,1,0,2.97435897435897,3,0,1.96153846153846,2.4375,0,1.05141025641026,1.053125,0,2.30782051282051,1.803125,0,0.487179487179487,1,0,-10.9506666750996
"48",74.022563425238,2.74375,2.7,2.58648206590648,1.121875,1.1,1.2087514899839,0.816375,1.165,1.48502795114229,2.5596875,2.1475,1.77007562068139,0.08125,0.6,0.454111761335317,0.252166068765625,0.3348244408,0.357653554250449,18.5380818876781,19.07,17.035560011206,21.7352432972375,17.73156339945,15.5876575485905,1.165951375,5.13796,6.41332105389204,2.3375,2.25,2.26785980382001,0.0875,0.7,0.682885855242582,"stable",51,1,3.66858573554874,1,1,1,0,1,1,0,0,5,44.25,0,0,0,0,0,0,1,0,0,0,0,0,0,0,1,0,0,0,0,0,0,0,0,0,0,0,1,0,0,0,1,0,0,0,0,0,0,0,0,0,0,0,0,0,0,0,0,0,0,0,0,0,0,0,0,0,0,0,1,0,0,0,0,0,1,0,0,0,0,0,1,1,0,0,0,0,0,0,0,0,0,0,1,0,0,0,0,1,1,0,0,0,0,0,0,0,0,0,0,0,0,0,0,0,0,0,1,0,0,0,0,0,0,0,0,0,0,0,0,0,0,0,0,0,0,0,0,0,0,0,0,0,0,0,0,0,0,0,0,0,0,0,0,0,0,0,0,0,0,0,0,0,0,0,0,0,0,0,0,0,0,0,1,0,0,1,0,0,0,0,0,0,1,0,0,1,0,0,0,0,0,0,0,1,0,0,1,0,0,0,0,0,0,0,0,0,0,0,0,1,0,0,0,0,0,0,0,0,0,1,0,0,0,0,0,0,0,0,1,0,0,0,0,0,0,0,0,0,0,0,0,0,0,0,0,0,0,0,0,0,0,0,0,0,0,0,0,0,0,0,0,1,0,0,0,0,0,0,0,0,0,0,0,0,0,0,-0.0241823946120205,0.0400512717730946,1,1,1,0,4.3704369851899,18.6197227521242,6.45996200133932,0.124618055385965,0,0,1,0.327485188,0,0,29.4058823529412,0,0,22.8992338527647,0,0,3.52531764705882,0,0,2.76470588235294,0,0,0.352941176470588,0,0,3,0,0,1.67647058823529,0,0,0.927647058823529,0,0,2.69235294117647,0,0,0.352941176470588,0,0,-13.7033262844103
"49",104.666666666667,2.55555555555556,2.63671763071353,2.42953020134228,0.888888888888889,1.21019873956061,0.983221476510067,1.09833333333333,1.06470907731459,1.47140939597315,1.72333333333333,2.10077805374434,1.70087248322148,0.333333333333333,0.367299163442056,0.281879194630873,0.330076600888889,0.346716436485798,0.327798502973154,19.4444444444444,18.5610241653892,16.0605082568591,21.0666666666667,18.0888328059437,20.5651916728658,5.53075555555556,4.02423589291488,5.31680926174497,2.22222222222222,2.27939072225799,2.18791946308725,0.555555555555556,0.499723007287092,0.531879194630873,"stable",43.2945578950015,0.99999999803585,0.780820656272637,0.983115198897451,0.983115198897451,0.983115198897451,0.173796649294307,0.762119628985186,0.407316827770237,0.646156401547185,0.463944488515245,5.40267959280451,32.6328537091761,0,0,0,0,0,0,0,0,0,0,0,0,0,0,0,0,0,0,0,0,0,0,0,0,0,0,0,0,0,0,0,0,0,0,0,0,0,0,0,0,0,0,0,0,0,0,0,0,0,0,0,0,0,0,0,0,0,0,0,0,0,0,0,0,0,0,0,0,0,0,0,0,0,0,0,0,0,0,0,0,0,0,0,0,0,0,0,0,0,0,0,0,0,0,0,0,0,0,0,0,0,0,0,0,0,1,0,0,0,0,0,0,0,0,0,0,0,0,0,0,0,0,0,0,0,0,0,0,0,0,0,0,0,0,0,0,0,0,0,0,0,0,0,0,0,0,0,0,0,0,0,0,0,0,0,0,0,0,0,0,0,0,0,0,0,0,0,0,0,0,0,0,0,0,0,0,0,0,0,0,0,0,0,0,0,0,0,0,0,0,0,0,0,0,0,0,0,0,0,0,0,0,0,0,0,0,0,0,0,0,0,0,0,0,0,0,0,0,0,0,0,0,0,0,0,0,0,0,0,0,0,0,0,0,0,0,0,0,0,0,0,0,0,0,0,0,0,0,0,0,0,0,0,0,0,0,0,0,0,0,0,0,0,0,0,0,-0.00314813344686237,0.0175571469840952,0,0,0,3,16.1964739616673,15.6768526754402,7.40944022278266,0,0,0.113627618249894,0,0,0,0.248197577263158,0,0,14.6368421052632,0,0,26.7063504449474,0,0,0.186315789473684,0,0,2.10526315789474,0,0,0.552631578947368,0,0,1.36842105263158,0,0,1.34210526315789,0,0,2.66105263157895,0,0,1.62,0,0,0,23.2633895333047
"50",97.5341945288754,2.8,2.60704567990752,2.47239263803681,0.975,1.18554436195676,0.97239263803681,0.2765,1.02530793440221,1.50613496932515,2.5135,2.14347638558295,1.86085889570552,0.15,0.356789133653936,0.478527607361963,0.269859534475,0.347763012613569,0.355148236481595,20.41166666665,18.399423716841,17.0636410429448,20.07644722985,17.9597117474605,14.5907227837761,0.433288,3.71115411130249,4.88459116564417,2.1,2.23848468826442,1.96932515337423,0.15,0.509936115630645,0.754601226993865,"stable",46,1,0.544774253208406,1,1,1,0,1,0,0,0,4,14.75,0,0,0,0,0,0,0,0,0,0,0,0,0,0,0,0,0,0,0,0,0,0,0,0,0,1,1,0,0,0,1,0,0,0,0,1,0,0,0,1,0,0,0,0,1,0,0,0,0,0,0,0,0,0,0,0,0,1,1,0,0,0,0,1,0,0,0,0,0,0,0,1,0,0,0,0,0,0,0,0,0,0,0,0,0,0,0,1,0,0,0,0,0,0,0,0,0,0,1,1,0,0,0,0,0,0,0,0,0,0,0,0,0,0,0,0,0,0,0,0,0,0,0,0,1,0,0,0,0,0,0,0,0,0,1,0,1,0,1,0,0,0,0,0,0,0,0,0,0,0,0,0,0,0,0,0,0,0,0,0,0,0,0,0,0,0,0,0,0,0,0,0,1,0,0,0,0,0,0,0,0,0,0,0,0,0,1,0,0,0,0,0,0,0,0,0,0,0,0,0,0,0,0,0,0,0,0,1,0,1,0,0,0,0,0,0,0,0,0,0,0,0,0,0,0,0,0,0,0,0,0,0,0,0,0,0,0,0,0,0,0,0,0,0,0,1,0,0,0,0,0,0,0,0,0,0,0,0,0,0,0,0,0,0,0,0,0.00141714180361671,0.0133167511930662,0,0,0,3,7.74465905691606,14.6451975669865,6.30499897673476,0,0,0.059504132231405,0,0,0,0.250718161333333,0,0,18.0666666666667,0,0,25.233786079,0,0,0.356666666666667,0,0,2.33333333333333,0,0,0.5,0,0,1.66666666666667,0,0,1.5,0,0,2.36,0,0,2.18,0,0,0,23.3512307555974
"51",97.6572706328771,2.7,2.69333333333333,2.6044776119403,0.845,1.10666666666667,1.33582089552239,0.55755,0.8624,1.31287313432836,2.5055,2.08286666666667,1.75507462686567,0.02,0.253333333333333,0.350746268656716,0.22211710628,0.369633788266667,0.335702296354478,19.37811045576,16.51829281668,18.2613541319552,31.471558562355,18.8283455413133,16.8057543301567,0.6274628,3.79423866666667,4.08791567164179,2.44,2.2,2.21641791044776,0.02,0.46,0.546641791044776,"stable",52,1,0.239468000717483,1,1,1,0,0,0,1,1,5,8.75,0,0,0,0,0,0,0,0,0,0,0,0,0,0,0,0,0,0,0,0,0,0,0,0,0,0,1,1,0,0,1,0,0,0,0,0,0,0,0,1,0,0,0,0,0,0,0,0,0,0,0,0,0,0,0,0,0,0,1,0,0,0,0,0,1,0,0,0,0,0,1,1,0,0,0,0,0,0,0,0,0,0,1,0,0,1,1,0,1,0,0,0,0,0,0,0,0,0,0,0,0,0,0,0,0,0,1,0,0,0,1,0,0,0,1,0,0,0,0,1,0,0,0,0,0,0,1,0,0,0,0,0,0,0,0,0,0,0,0,0,0,0,0,0,1,0,0,0,0,0,0,0,0,0,0,0,0,0,0,1,0,0,0,0,0,0,0,0,0,0,0,0,1,0,0,0,0,0,1,0,0,0,0,0,1,0,1,0,0,0,0,1,0,0,0,0,0,0,0,0,0,0,0,0,0,0,0,0,0,1,0,0,0,0,1,0,0,0,1,1,0,0,0,0,0,0,0,0,0,0,0,0,0,0,1,0,0,0,0,0,0,0,0,0,0,0,0,0,1,0,0,0,0,0,0,0,0,0,0,0,0,0,0,0,0,0,-0.0308437814292919,0.0546868453833493,0,0,0,3,45.6405638354596,18.0300244530265,9.0728108017077,1.19842609979758,0.556586270871985,0.555925574188788,1,0.167699575692308,0.324335910363636,0.229455063090909,20.8362115384615,26.2818181818182,20.6136363636364,32.1525976800769,36.4536363636364,22.6505947298182,0.482269230769231,2.04050909090909,0.617581818181818,2.61538461538462,2,2.45454545454545,0,0.545454545454545,0.272727272727273,2.84615384615385,2.54545454545455,2.04545454545455,0.538461538461538,0.818181818181818,1.18181818181818,0.469615384615385,0.272727272727273,2.01454545454545,2.76923076923077,2.27272727272727,1.78,0,0.545454545454545,0,-15.5075713026382
"52",96.3637162310564,2.68571428571429,2.63404255319149,2.59623593207904,0.814285714285714,1.18510638297872,1.21616534245368,0.568571428571429,0.934978723404255,1.35206061720495,2.49342857142857,2.23944680851064,1.82947666505314,0.0571428571428571,0.4,0.432698433595647,0.242493934857143,0.348148378878723,0.357025719757506,21.0818033359429,18.0756230876,16.9909353301653,26.0410638343714,16.6489181082532,15.3585351701765,0.537644571428571,3.3812650212766,5.65314162480294,2.25714285714286,2.2468085106383,2.23825745656119,0.0571428571428571,0.50531914893617,0.678088951679565,"fluct",32,1,0.293081532973505,1,1,1,0,1,1,1,0,6,7,0,0,0,0,0,0,0,0,0,0,0,0,0,1,0,0,0,0,0,0,0,0,0,0,0,0,0,0,0,0,1,0,0,0,0,1,0,0,0,1,0,0,0,0,1,0,0,0,1,0,0,0,1,0,0,0,0,0,0,0,0,0,0,0,0,0,0,0,0,1,0,1,0,0,0,0,0,0,0,0,0,0,0,0,0,0,1,0,1,0,0,0,0,0,0,0,0,0,0,0,0,0,0,0,0,0,1,0,0,0,0,0,0,0,0,0,0,0,0,0,0,0,0,0,0,0,0,0,0,0,0,0,0,0,0,0,0,0,0,1,0,0,0,0,0,0,0,0,0,0,0,0,0,0,0,0,0,0,0,0,0,0,0,0,0,0,0,0,0,0,0,0,0,0,0,0,0,0,0,0,0,1,0,0,0,0,0,0,0,0,0,0,0,0,0,0,0,0,0,0,0,0,0,0,0,0,0,0,0,1,0,0,0,0,0,0,0,0,1,0,0,0,0,0,0,0,0,0,0,0,0,0,0,0,0,0,0,0,0,0,0,0,0,0,0,0,0,0,0,0,0,0,0,0,0,0,0,0,0,0,0,0,0,0,0,0,-0.0073786965525531,0.0874996478700251,0,0,0,3,11.8626247425106,19.3741879482942,8.53622105685525,0,0.0426136363636364,0,0,0,0.213334166846154,0,0,31.6230769230769,0,0,34.7669230769231,0,0,0.373661538461538,0,0,2,0,0,0.0769230769230769,0,0,2.07692307692308,0,0,0.115384615384615,0,0,0.0384615384615385,0,0,2.03846153846154,0,0,0.0769230769230769,0,22.9975568750526
"53",79.3595706618962,2.74626865671642,2.76923076923077,2.58590250949982,1.08208955223881,1.34615384615385,1.2126340767787,0.526492537313433,1.1496978021978,1.31144099545625,2.50619402985075,2.08049450549451,1.84499044324026,0.134328358208955,0.351648351648352,0.41827449420435,0.282486575126866,0.396709753840659,0.352569417058243,19.0111920439328,17.1353233012582,17.0756920631121,24.8692106294925,17.028332447217,15.6791182523926,1.02218298507463,4.25838736263736,5.1218469536266,2.01492537313433,2.17582417582418,2.22523085077539,0.171641791044776,0.592032967032967,0.650149636042444,"fluct",55,1,0.360651834487565,1,1,1,0,1,1,1,1,7,8.666666667,0,0,0,0,0,0,0,0,0,0,0,0,0,0,0,0,0,0,0,0,0,0,0,0,0,0,1,0,0,0,1,0,0,0,0,1,0,0,0,1,0,0,0,0,1,0,1,0,1,0,0,1,0,0,0,0,0,0,1,0,0,0,0,1,1,0,0,0,0,0,1,1,0,0,0,0,0,0,0,0,0,0,0,0,0,0,1,0,1,0,0,0,0,0,0,0,0,1,0,1,0,0,0,0,0,0,1,0,0,0,0,0,0,0,0,0,0,0,0,0,0,0,0,0,0,0,0,0,0,0,0,0,0,0,1,1,0,0,0,0,0,0,0,0,0,1,0,0,0,0,0,0,0,0,0,0,0,1,0,0,0,0,0,0,0,0,0,0,0,0,0,0,1,0,0,0,0,0,0,0,0,0,0,0,0,0,0,0,0,0,0,0,0,0,0,0,0,0,0,1,0,0,0,0,0,0,0,0,0,0,0,0,0,0,0,0,0,0,0,0,0,0,0,0,0,0,0,0,1,0,0,0,0,0,1,0,0,0,0,0,0,0,0,0,0,0,0,0,0,0,0,0,0,0,0,0,0,0,1,0,1,0,0,0,0,0.102667520754922,-0.00412088155068359,0.0251973371786876,1,1,1,0,21.9106553389202,13.2656519801923,10.2165778253498,0.521781270821921,0.127687600377881,0,0,0.280841994875,0.419790085695652,0,27.5875,21.3252531453913,0,28.925533780375,32.1330444072609,0,1.7841,3.51431304347826,0,2.375,2.04347826086957,0,0.375,0.782608695652174,0,3,2.95652173913044,0,1.125,1.76086956521739,0,0.5625,0.603695652173913,0,2.8125,2.51673913043478,0,0.375,0.782608695652174,0,-17.1164633994768
