	LakeID	biomass	Plant.moisture.use.gs	Plant.moisture.use.sh	Plant.moisture.use.f	Plant.tolerance.to.fire.gs	Plant.tolerance.to.fire.sh	Plant.tolerance.to.fire.f	Plant.tolerance.to.drought.gs	Plant.tolerance.to.drought.sh	Plant.tolerance.to.drought.f	Plant.tolerance.to.waterlogging.gs	Plant.tolerance.to.waterlogging.sh	Plant.tolerance.to.waterlogging.f	Plant.resprouting.capacity.after.disturbances.gs	Plant.resprouting.capacity.after.disturbances.sh	Plant.resprouting.capacity.after.disturbances.f	Leaf.dry.matter.content..LDMC..gs	Leaf.dry.matter.content..LDMC..sh	Leaf.dry.matter.content..LDMC..f	Leaf.nitrogen..N..content.per.dry.mass.gs	Leaf.nitrogen..N..content.per.dry.mass.sh	Leaf.nitrogen..N..content.per.dry.mass.f	Leaf.specific.area..SLA..gs	Leaf.specific.area..SLA..sh	Leaf.specific.area..SLA..f	Plant.height.vegetative.gs	Plant.height.vegetative.sh	Plant.height.vegetative.f	Plant.growth.rate.gs	Plant.growth.rate.sh	Plant.growth.rate.f	Woodiness.gs	Woodiness.sh	Woodiness.f	realtrend	sppcount	GS	weighted.shannon	NonVasc	Gram	Forb	EG_Shrub	Dec_Shrub	Tree	DW	Bare	pftcount	GS_means	Achillea.millefolium	Achillea.sibirica	Aconogonon.alaskanum	Agropyron.sp.	Agrostis.clavata	Agrostis.scabra	Agrostis.sp.	Alisma.plantago.aquatica	Alnus.incana	Alnus.viridis	Alopecurus.aequalis	Andromeda.polifolia	Anemone.quinquefolia	Arctagrostis.latifolia	Arctophila.fulva	Arctostaphylos.alpina	Arctostaphylos.rubra	Arctostaphylos.uva.ursi	Argentina.anserina	Artemisia.tilesii	Aster.sibiricus	Astragalus.sp.	Beckmannia.sp.	Beckmannia.syzigachne	Betula.hybrid	Betula.nana	Betula.neoalaskana	Bidens.cernua	Bromus.ciliatus	Bromus.pumpellianus	Calamagrostis.canadensis	Calamagrostis.lapponica	Calamagrostis.purpurascens	Calamagrostis.sp.	Calamagrostis.stricta	Calla.palustris	Callitriche.palustris	Caltha.natans	Caltha.palustris	Carex.aquatilis	Carex.atherodes	Carex.aurea	Carex.bebbii	Carex.bigelowii	Carex.canescens	Carex.capillaris	Carex.chordorrhiza	Carex.concinna	Carex.diandra	Carex.gynocrates	Carex.interior	Carex.limosa	Carex.lugens	Carex.norvegica	Carex.sartwellii	Carex.sp.	Carex.sychnocephala	Carex.tenuiflora	Carex.utriculata	Castilleja.caudata	Cerastium.arvense	Cerastium.nutans	Ceratophyllum.demersum	Chamaedaphne.calyculata	Chamerion.angustifolium	Chenopodium.album	Chenopodium.rubrum	Chrysoplenium.tetrandrum	Cicuta.bulbifera	Cicuta.douglasii	Cicuta.virosa	Comarum.palustre	Cornus.sericea	Crepis.tectorum	Dasiphora.fruticosa	Delphinium.glaucum	Deschampsia.caespitosa	Descurainia.sophioides	Drosera.anglica	Drosera.linearis	Drosera.rotundifolia	Eleocharis.acicularis	Eleocharis.palustris	Eleocharis.sp.	Empetrum.nigrum	Epilobium.ciliatum	Epilobium.palustre	Equisetum.arvense	Equisetum.fluviatile	Equisetum.hyemale	Equisetum.palustre	Equisetum.pratense	Equisetum.scirpoides	Equisetum.sylvaticum	Erigeron.acris	Erigeron.lonchophyllus	Eriophorum	Eriophorum.angustifolium	Eriophorum.brachyantherum	Eriophorum.gracile	Eriophorum.russeolum	Eriophorum.scheuchzeri	Eriophorum.vaginatum	Erysimum.cheiranthoides	Fragaria.virginiana	Galium.boreale	Galium.trifidum	Gentianella.propinqua	Geocaulon.lividum	Geum.aleppicum	Geum.macrophyllum	Geum.rivale	Geum.sp.	Glyceria.borealis	Glyceria.grandis	Glyceria.maxima	Glyceria.pulchella	Glyceria.sp.	Hedysarum.alpinum	Hippuris.vulgaris	Hordeum.jubatum	Iris.setosa	Juncus.arcticus	Juncus.balticus	Ledum.groenlandicum	Ledum.palustre	Lemna.minor	Lichen	Linnaea.borealis	Liverwort	Lycopodium.annotinum	Lysimachia.thyrsiflora	Malaxis.monophyllos	Mentha.arvensis	Menyanthes.trifoliata	Mertensia.paniculata	Moehringia.lateriflora	Moneses.uniflora	Moss	Myrica.gale	Myriophyllum.spicatum	Nuphar.lutea	Nymphaea.tetragona	Orthilia.secunda	Parnassia.palustris	Pedicularis.labradorica	Persicaria.lapathifolia	Petasites.frigidus	Petasites.sagittatus	Picea.glauca	Picea.mariana	Plantago.major	Platanthera.hyperborea	Platanthera.obtusata	Platanthera.sp.	Poa.artica	Poa.glauca	Poa.palustris	Polemonium.boreale	Polygonum.amphibium	Polygonum.lapathifolium	Polygonum.pensylvanicum	Polygonum.sp.	Polygonum.viviparum	Populus.balsamifera	Populus.tremuloides	Potamogeton.gramineus	Potamogeton.perfoliatus	Potamogeton.sp.	Potentilla.anserina.anserina	Potentilla.gracilis	Potentilla.hookeriana	Potentilla.norvegica	Potentilla.pensylvanica	Pyrola.asarifolia	Ranunculus.gmelinii	Ranunculus.macounii	Ranunculus.pensylvanicus	Ranunculus.sceleratus	Ranunculus.sp.	Rhinanthus.minor	Ribes.hudsonianum	Ribes.triste	Rorippa.islandica	Rorippa.palustris	Rosa.acicularis	Rubus.arcticus	Rubus.chamaemorus	Rubus.pubescens	Rumex.acetosella	Rumex.aquaticus	Rumex.arcticus	Rumex.crispa	Rumex.maritimus	Rumex.occidentalis	Rumex.sp.	Sagittaria.cuneata	Salix.alaxensis	Salix.arbusculoides	Salix.bebbiana	Salix.candida	Salix.glauca	Salix.hastata	Salix.interior	Salix.lucida	Salix.myrtillifolia	Salix.niphoclada	Salix.pseudomonticola	Salix.pseudomyrsinites	Salix.pulchra	Salix.scouleriana	Salix.sp.	Sanguisorba.officinalis	Scheuchzeria.palustris	Schoenoplectus.tabernaemontani	Scirpus.lacustris	Scirpus.sp.	Scolochloa.festucacea	Scutellaria.galericulata	Senecio.congestus	Senecio.sp.	Shepherdia.canadensis	Sium.suave	Solidago.canadensis	Solidago.multiradiata	Solidago.sp.	Sparganium.angustifolium	Sparganium.hyperboreum	Sparganium.natans	Sparganium.sp.	Sphagnum.sp.	Spiranthes.romanzoffiana	Stachys.palustris	Stellaria.calycantha	Stellaria.crassifolia	Stellaria.longifolia	Stellaria.longipes	Stellaria.media	Stuckenia.filiformis	Symphyotrichum.boreale	Symphyotrichum.ciliatum	Symphyotrichum.falcatum	Symphyotrichum.puniceum	Tilingia.ajanensis	Triglochin	Triglochin.maritimum	Triglochin.palustre	Typha.lateralis	Typha.latifolia	Unknown	Unknown.forb	Unknown.graminoid	Unknown.rush	Urtica.dioica	Utricularia.intermedia	Utricularia.macrorhiza	Utricularia.minor	Utricularia.sp.	Vaccinium.oxycoccos	Vaccinium.uliginosum	Vaccinium.vitis.idaea	Valeriana.capitata	Veronica.americana	Viburnum.edule	Zigadenus.elegans	trend	slope	mse_cv	less.than.50	less.than.25	less.than.10	fire.ordinal	GS_rao	SH_rao	F_rao	GS_rao_impspp	SH_rao_impspp	F_rao_impspp	realshrink	Leaf.dry.matter.content..LDMC..gs.impspp	Leaf.dry.matter.content..LDMC..sh.impspp	Leaf.dry.matter.content..LDMC..f.impspp	Leaf.nitrogen..N..content.per.dry.mass.gs.impspp	Leaf.nitrogen..N..content.per.dry.mass.sh.impspp	Leaf.nitrogen..N..content.per.dry.mass.f.impspp	Leaf.specific.area..SLA..gs.impspp	Leaf.specific.area..SLA..sh.impspp	Leaf.specific.area..SLA..f.impspp	Plant.height.vegetative.gs.impspp	Plant.height.vegetative.sh.impspp	Plant.height.vegetative.f.impspp	Plant.growth.rate.gs.impspp	Plant.growth.rate.sh.impspp	Plant.growth.rate.f.impspp	Woodiness.gs.impspp	Woodiness.sh.impspp	Woodiness.f.impspp	Plant.moisture.use.gs.impspp	Plant.moisture.use.sh.impspp	Plant.moisture.use.f.impspp	Plant.tolerance.to.fire.gs.impspp	Plant.tolerance.to.fire.sh.impspp	Plant.tolerance.to.fire.f.impspp	Plant.tolerance.to.drought.gs.impspp	Plant.tolerance.to.drought.sh.impspp	Plant.tolerance.to.drought.f.impspp	Plant.tolerance.to.waterlogging.gs.impspp	Plant.tolerance.to.waterlogging.sh.impspp	Plant.tolerance.to.waterlogging.f.impspp	Plant.resprouting.capacity.after.disturbances.gs.impspp	Plant.resprouting.capacity.after.disturbances.sh.impspp	Plant.resprouting.capacity.after.disturbances.f.impspp	cwmscores	idsppscores
1	0_10_1	102.5784313725	2.9375	2.7358490566	2.6208791209	1.375	1.2547169811	1.2692307692	0.6528125	1.0066509434	1.3747802198	2.75	2.3794339623	1.7954395604	0.0625	0.1839622642	0.478021978	0.2225543428	0.2939052725	0.3046705446	20.7668929934	20.4074317074	16.7939038462	22.4444194106	19.5230582124	15.9778925311	1.15540375	3.0558698113	5.0139147253	2.375	2.3160377358	2.4450549451	0.0625	0.2452830189	0.6346153846	fluct	13	1	0.1412327974	1	1	1	0	1	0	1	1	6	5	0	0	0	0	0	0	0	0	1	0	0	0	0	0	0	0	0	0	0	0	0	0	0	0	0	0	1	0	0	0	0	0	0	0	0	1	0	0	0	0	0	0	0	0	1	0	0	0	1	0	0	0	0	0	0	0	0	0	0	0	0	0	0	0	0	0	0	0	0	0	0	1	0	0	0	0	0	0	0	0	0	0	0	0	0	0	0	0	0	0	0	0	0	0	0	0	0	0	0	0	0	0	0	0	0	0	0	0	0	0	0	0	0	0	0	0	0	0	0	1	0	0	0	0	0	0	0	0	0	0	0	0	0	0	0	1	0	0	1	0	0	0	0	0	0	0	0	0	0	1	0	0	0	0	0	0	0	0	0	0	0	0	0	0	0	0	0	0	0	0	0	0	1	0	0	0	0	0	0	0	0	0	0	0	0	0	0	0	0	0	0	0	0	0	0	0	0	0	0	0	0	0	0	0	0	0	0	0	0	0	0	0	0	0	0	0	0	0	0	0	0	0	0	0	0	0	0	0	0	0	0	0	0	1	0	0	1	0	0	0	0	0	0	0	0	0	0	0	0	0	0	0	0	0	0	0	0	0	0	0	0	0	0	0	0	0	-0.0131171725	0.0703980943	0	0	0	3	30.4236842839	9.8378341412	8.0214413398	4.1260144141	0.0783282959	0.4995003891	0	0.1707018968	0.22315	0.28990803	24.04	18.8203463064	20.9571428571	30.7700500402	21.4579084844	20.4316271659	0.4615	0.4735555556	1.4168142857	2.6	2.5555555556	2.6428571429	0	0	0.4821428571	3	2.8888888889	2.2142857143	0.6	2.0555555556	1.8214285714	0.4	0.3333333333	1.5142857143	3	2.8888888889	2.4892857143	0	0	0.2142857143	-16.0204344702	1.1561204806
2	0_15_1	87.2902746845	2.5573770492	2.5384615385	2.5376344086	1.0491803279	1.2307692308	0.9516129032	0.855	0.6865384615	1.6839784946	2.5102459016	2.4334615385	1.635483871	0.131147541	0.0769230769	0.4946236559	0.2790877712	0.2959313764	0.3867944782	20.0459582519	19.9391246967	15.6357688172	25.5601497311	23.1185604846	13.7671778883	1.4684334426	0.8576723077	7.6444967742	2.3032786885	2.2307692308	1.9838709677	0.1557377049	0.1538461538	0.8575268817	shrink	57	1	0.9080690837	1	1	1	0	1	1	1	1	7	28.5	0	0	0	0	0	0	0	0	0	0	0	0	0	0	0	0	0	0	0	0	0	0	0	1	0	0	0	1	0	0	1	0	0	0	0	0	0	0	0	0	0	0	0	0	0	0	0	0	0	0	0	0	0	0	0	0	0	0	1	0	1	1	0	0	1	0	0	0	0	0	1	1	0	0	0	0	0	0	0	0	0	0	1	0	0	0	0	0	0	1	0	1	0	0	0	0	0	0	0	0	0	0	0	0	0	0	0	0	1	0	0	0	0	0	0	0	0	0	0	1	1	0	0	0	0	0	0	0	0	0	0	0	0	0	0	0	0	0	1	0	0	0	0	0	0	0	0	0	0	0	0	0	0	0	0	0	0	1	0	0	0	0	1	0	0	0	0	0	0	0	1	0	1	0	0	0	0	0	0	0	0	0	0	1	0	0	1	0	0	0	0	0	0	1	0	0	0	0	0	1	1	0	0	0	0	0	0	0	0	0	0	0	0	0	0	1	0	0	1	1	0	0	0	0	0	0	1	0	0	0	0	0	0	0	0	0	0	0	0	0	0	0	0	0	0	0	0	0	1	0	0	0	0	0	0	0	0	0	0	0	0	0	0	0	0	1	-0.0079006466	0.0093318966	0	0	0	3	9.9719530151	25.6146970276	0.0761927619	0.6699559992	2	0	0	0.2132743578	0.30844	0	22.7620909091	15.83	0	27.1395526695	22.3333333333	0	0.7234090909	0.4791666667	0	2.4545454545	2.3333333333	0	0	0	0	2.6363636364	2.6666666667	0	0.7727272727	1	0	0.9472727273	0.5883333333	0	2.6363636364	1.6666666667	0	0	0	0	-12.6451157028	-0.3566830812
3	0_18_1	79.7655137335	2.75	2.4893617021	2.5	1	1.0957446809	1.25	0.7733333333	1.2227659574	1.3611111111	2.5833333333	2.009893617	2.0555555556	0.125	0.3829787234	0.3333333333	0.2955060954	0.3474199793	0.3245905041	20.0422489673	18.8993114159	19.2507146503	26.1487118962	20.8389947335	20.5763849774	1.5643816667	2.034746383	1.7126888889	2.3333333333	2.4468085106	2.5555555556	0.125	0.4255319149	0.3333333333	stable	46	1	0.5113311381	1	1	1	0	1	0	1	0	5	18.75	0	1	0	0	0	0	0	0	0	0	0	0	0	0	0	0	0	0	0	1	0	0	0	0	0	0	1	0	0	0	1	0	0	0	0	1	0	0	0	1	0	0	0	0	0	0	0	0	0	0	0	0	0	0	0	0	0	0	1	0	0	0	0	0	1	0	0	0	0	0	0	1	0	0	0	0	0	0	0	0	0	0	0	0	0	0	0	0	0	0	0	0	0	0	0	0	0	0	0	0	0	0	0	1	0	0	1	0	0	0	1	0	0	0	0	0	0	0	0	1	0	0	0	0	0	0	0	0	0	0	0	0	0	0	0	1	1	0	0	0	0	0	0	0	0	0	0	0	0	0	0	0	0	0	0	0	0	0	0	0	0	0	0	0	0	0	0	0	0	0	0	0	1	0	0	0	0	0	0	0	0	0	0	1	0	1	1	0	0	0	0	1	0	0	0	0	0	0	0	0	0	0	0	0	0	0	0	0	1	1	0	0	0	0	0	0	0	1	1	0	0	0	0	0	0	0	0	0	0	0	0	0	0	0	0	0	0	0	0	0	0	0	0	0	0	0	0	0	0	0	0	0	0	0	0	0	0	0	0	0	0	0	0	0	0	0	-0.0069838433	0.0104950858	1	1	0	1	4.8067534792	5.5080361718	2.1015179636	0.2254840354	0	0	0	0.266755242	0	0	24.385	0	0	24.3838849205	0	0	1.040056	0	0	2.5	0	0	0	0	0	3	0	0	1.25	0	0	1	0	0	3	0	0	0	0	0	-11.7427465833	0.88665534
4	0_18_3	81.0561139028	2.734197781	2.3333333333	2.6681034483	1.0556053607	1	1.1400862069	0.5974615529	1.635	1.0795258621	2.5125555326	1.8733333333	1.949375	0.1012470705	0.3333333333	0.349137931	0.2838549411	0.4379672613	0.367808408	19.7943057224	13.8333333333	16.9405909475	23.5463369527	12.6810335195	15.0472095011	1.0757069485	5.6544	3.4812775862	2.2510615652	2	2.2047413793	0.1174280048	0.8333333333	0.6487068966	stable	8	1	0.21374524	1	1	1	0	1	0	1	0	5	4.5	0	0	0	0	0	0	0	0	1	0	0	0	0	0	0	0	0	0	0	0	0	0	0	0	0	0	0	0	0	0	1	0	0	0	0	0	0	0	0	1	0	0	0	0	0	0	0	0	0	0	0	0	0	0	0	0	0	0	1	0	0	0	0	0	0	0	0	0	0	0	0	1	0	0	0	0	0	0	0	0	0	0	0	0	0	0	0	0	1	0	0	0	0	0	0	0	0	0	0	0	0	0	0	0	0	0	0	0	0	0	0	0	0	0	0	0	0	0	0	1	0	0	0	0	0	0	0	0	0	0	0	0	0	0	0	0	0	0	0	0	0	0	0	0	0	0	0	0	0	0	0	0	0	0	0	0	0	0	0	0	0	0	0	0	0	0	0	0	0	0	0	0	0	0	0	0	0	0	0	0	0	0	0	0	0	0	0	0	0	0	0	0	0	0	0	0	0	0	0	0	0	0	0	0	0	0	0	0	0	1	0	0	0	0	0	0	0	0	0	0	0	0	0	0	0	0	0	0	0	0	0	0	0	0	0	0	0	0	0	0	0	0	0	0	0	0	0	0	0	0	0	0	0	0	0	0	0	0	0	0	0	0	0	0	0	0	-0.002646323	0.0052696259	1	1	0	1	15.4582632409	6.7788575852	2.4539877705	0	0	0.003298289	0	0	0	0.3072313227	0	0	28.2666666667	0	0	15.9695165943	0	0	2.2922666667	0	0	3	0	0	0.3333333333	0	0	3	0	0	2	0	0	0.6666666667	0	0	3	0	0	0.3333333333	23.1274845123	0.9444627207
5	0_19_1	84.3097199341	2.8142857143	2.7424242424	2.582292042	1.0428571429	1.5037878788	1.2470428704	0.6779285714	1.0192424242	1.3801396071	2.461	2.1623106061	1.7905891968	0.2714285714	0.3787878788	0.4443278888	0.2845837478	0.3577579179	0.3500146588	22.8210688018	22.2319349331	17.3165265757	22.3615693507	16.9161283535	15.8178305166	2.3792628571	5.25987	5.3614728277	2.3428571429	2.553030303	2.3011742859	0.3571428571	0.5814393939	0.660659003	stable	53	1	0.1773609067	1	1	1	0	1	0	1	1	6	11.66666667	0	0	0	0	0	0	0	0	1	0	0	0	0	0	0	0	0	0	0	0	0	0	0	0	0	0	0	0	0	0	1	0	0	0	0	1	0	0	0	1	0	0	0	0	0	0	0	0	0	0	0	0	0	0	0	0	0	0	1	0	0	0	0	0	1	0	0	0	0	1	0	1	0	0	0	0	0	0	0	0	0	0	1	0	0	0	0	1	1	0	0	0	0	0	0	0	0	0	0	0	0	0	0	0	0	0	1	0	0	0	1	0	0	0	0	0	0	0	0	1	0	0	0	0	0	0	1	0	0	0	0	0	0	0	0	1	1	0	1	0	0	0	0	0	0	0	0	0	0	0	0	0	0	0	0	0	0	0	0	0	0	0	0	0	0	0	0	0	0	0	0	0	0	0	0	1	0	0	0	0	0	0	0	1	0	1	1	0	0	0	0	1	0	0	0	0	0	0	0	1	0	0	1	0	0	0	0	0	0	1	0	0	0	0	0	0	0	0	1	0	0	0	1	0	0	0	0	0	0	0	0	0	0	0	0	0	0	0	0	0	0	0	0	0	0	0	0	1	1	0	0	0	0	1	0	0	0	0	0	0	0	0	0	0	0	0	-0.0036442478	0.0059772449	1	1	1	0	19.6531084131	7.3846262273	8.2472604676	1.5347421616	0.1420875403	0	0	0.3559409215	0.5401486609	0	27.2117647059	23.3376265727	0	23.2446035061	16.2093892482	0	4.8884470588	14.5158782609	0	2.3529411765	2.8260869565	0	0.3529411765	0.9130434783	0	2.8823529412	3	0	1.2352941176	2.8695652174	0	0.7376470588	1.2745652174	0	2.2082352941	1.6223913043	0	0.3529411765	0.9130434783	0	-12.6238638035	0.4095191477
6	0_19_4	81.5302637461	2.6428571429	2.6530612245	2.5	1.1651785714	1.4489795918	1.1739130435	0.2140625	1.2887755102	1.3308695652	2.6284375	1.9024489796	1.8164130435	0.0982142857	0.4489795918	0.4782608696	0.2938888775	0.3319406532	0.2951240743	19.5813110012	21.1775510204	21.6902173913	23.6893138435	15.2599567233	15.739326091	0.8807146429	5.296555102	4.9398217391	1.9285714286	2.5612244898	2.4891304348	0.1049107143	0.6020408163	0.6684782609	stable	53	1	0.6821182012	1	1	1	1	1	1	1	1	8	42	0	0	0	0	0	0	0	0	0	0	0	0	0	0	0	0	0	0	0	0	0	0	0	0	0	0	0	0	0	0	1	0	0	0	0	0	0	0	0	0	0	0	0	0	1	0	0	0	1	0	0	1	0	0	0	0	0	0	0	0	0	0	0	0	0	0	0	0	0	0	0	1	0	0	0	0	0	0	0	0	0	0	0	0	0	0	0	0	1	0	0	0	0	0	0	0	0	0	0	1	0	0	0	0	0	0	1	0	0	0	0	0	0	0	0	0	0	0	0	0	0	0	0	0	0	0	0	0	0	0	0	0	0	0	1	0	0	0	0	0	0	0	0	0	0	0	0	0	0	0	0	0	0	0	0	0	0	0	0	0	0	0	0	0	0	0	0	0	0	0	0	0	0	1	0	0	0	0	0	0	0	0	0	0	0	0	1	0	0	0	0	1	0	0	0	0	0	0	0	1	0	0	0	0	0	1	0	1	0	1	0	0	0	0	0	0	0	0	1	0	0	0	1	0	0	0	0	0	0	0	0	0	0	0	0	0	0	0	0	0	0	0	0	0	0	0	0	0	1	0	0	0	0	0	0	0	0	0	0	0	0	0	0	0	0	0	0.0018905253	0.011616427	1	1	1	0	8.0746883068	8.4981880975	11.9150083786	0.1974003569	0.0890538033	0.108	0	0.5374174607	0.5482758224	0.247647113	22.275	23.6285714286	27.65	28.9321188209	17.8637888197	21.2775259303	3.7504857143	15.2225142857	0.75875	1.7142857143	2.8571428571	2.75	0.6428571429	1	0.1875	2.6428571429	3	2.5	1.0714285714	2.7857142857	1.5	0.7417857143	1.2585714286	1.51	1.5275	1.5442857143	2.6925	0.6428571429	1	0	-13.5989842591	0.5817977395
7	0_2_1	85.4052015605	2.7162162162	2.625	2.675	1.1824324324	1.375	1.2375	0.3494594595	0.9375	1.31075	2.6081081081	2.125	1.53225	0.0540540541	0.25	0.475	0.2395098649	0.3294062299	0.3847680458	21.3753339358	16.8137139064	13.56125	19.1232395035	18.5283369019	10.9680418843	0.7992972973	3.655125	8.698603	2.3648648649	2.5	2.275	0.0540540541	0.375	0.825	stable	39	1	0.9071216731	1	1	1	0	1	1	1	1	7	22	0	0	0	0	0	0	0	0	0	0	0	0	0	0	0	0	0	0	0	0	0	0	0	0	0	0	0	0	0	0	0	0	0	1	0	0	0	0	0	1	0	0	0	0	0	0	0	0	0	0	0	0	0	0	0	0	0	0	0	0	0	0	0	0	0	0	0	0	0	0	0	1	0	0	0	0	0	0	0	0	0	0	1	0	0	0	0	0	0	1	0	0	1	0	0	0	0	0	0	0	0	0	0	0	0	0	0	0	0	1	0	0	0	0	0	0	0	1	0	1	0	0	0	0	0	0	0	0	0	0	0	0	0	1	0	0	0	0	0	0	0	0	0	0	0	0	0	0	0	0	0	0	0	0	0	0	0	0	0	0	0	0	0	0	0	0	0	0	0	0	0	0	1	0	0	0	0	0	0	0	0	0	1	0	0	1	0	0	0	0	0	0	0	0	1	0	0	0	0	0	0	0	0	0	0	0	0	0	0	1	0	0	0	0	0	0	0	0	0	0	0	0	0	0	0	0	0	0	0	0	0	0	0	0	0	0	0	0	0	0	0	0	0	0	0	0	0	0	1	0	0	1	0	0	0	0	0	0	0	0	0	0	0	0	0	0	0.0033782799	0.0075049347	1	1	0	1	3.599505278	11.7241464274	1.3306096349	0	0	0	0	0	0	0	0	0	0	0	0	0	0	0	0	0	0	0	0	0	0	0	0	0	0	0	0	0	0	0	0	0	0	0	0	0	23.3975847039	0.7226804023
8	0_28_1	75.8232044199	2.575	2.7608695652	2.5625	1.30625	1.25	1.03125	0.8585	1.3595652174	1.7909375	2.3875	2.3341304348	2.064375	0.2375	0.5	0.625	0.3450971356	0.3679535977	0.3835121892	19.5083690043	17.7045153388	16.190625	23.194776179	15.8477371344	16.0829326923	1.54872525	7.5805826087	10.650525	2.3625	2.4456521739	2.25	0.271875	0.6739130435	0.8125	shrink	89	1	1.6430173248	1	1	1	0	0	0	0	0	3	36.75	0	1	0	0	0	0	0	0	0	0	0	0	0	0	0	0	0	0	0	0	0	0	0	1	0	0	1	0	0	0	1	0	0	0	0	0	0	0	0	0	0	0	0	0	0	0	0	0	0	0	0	0	0	0	0	1	0	0	1	0	0	0	0	0	1	0	0	0	0	0	0	0	1	0	0	0	0	0	0	0	0	0	1	0	0	1	0	0	0	1	0	0	0	0	0	0	0	0	0	0	0	0	0	0	0	0	0	0	0	0	0	0	1	0	1	0	0	1	0	0	0	0	0	0	0	0	0	0	0	0	0	0	0	0	0	0	0	0	0	0	0	0	0	0	0	0	0	0	0	0	0	0	0	0	0	0	0	0	0	1	1	0	0	0	1	1	0	0	0	0	1	0	0	0	0	0	0	0	0	0	0	0	0	0	0	0	0	0	0	1	0	0	0	1	1	0	0	0	1	0	0	1	0	0	0	0	0	0	0	0	0	1	0	0	0	0	0	0	0	1	1	0	1	0	0	1	0	0	0	1	0	0	0	0	0	0	0	0	0	0	0	0	0	0	0	0	0	0	1	1	1	0	0	1	0	0	0	0	0	0	0	0	0	0	0	1	-0.0524438104	0.0570806252	0	0	0	3	5.0697072357	7.6872583224	4.6756453306	0.3803862096	0	0	1	0.2582452158	0	0	20.027828125	0	0	26.6011682186	0	0	0.751935	0	0	2.125	0	0	0	0	0	2.5	0	0	0.5625	0	0	1.0459375	0	0	2.375	0	0	0	0	0	-10.2689758902	-0.508382538
9	0_28_4	91.2245149369	2.6551724138	2.6486486486	2.5299145299	0.9827586207	1.1756756757	1.235042735	0.8143103448	1.492972973	2.0339316239	2.13	1.9240540541	1.7682478632	0.1379310345	0.5135135135	0.5128205128	0.3525848441	0.351694274	0.3263461593	19.4831419921	17.974301466	17.8897435897	22.0219109635	17.6178552872	14.700924824	2.0895124138	5.4391502703	8.5628820513	2.275862069	2.2972972973	2.5170940171	0.1637931034	0.7094594595	0.7264957265	stable	49	1	0.6705325574	1	1	1	0	1	0	0	0	4	14.25	0	1	0	0	0	0	0	0	1	0	0	0	0	0	0	0	0	0	0	0	0	0	1	1	0	0	1	1	0	0	1	0	0	0	0	1	0	0	0	1	0	0	0	0	0	0	0	0	0	0	0	0	0	0	0	0	0	0	1	0	0	0	0	0	1	0	0	0	0	0	0	1	0	0	0	0	0	0	0	0	0	0	0	0	0	1	0	0	1	1	0	0	0	0	0	0	0	0	0	0	0	0	0	0	0	0	0	0	0	0	0	0	1	0	1	0	0	0	0	0	0	0	0	0	0	0	0	0	0	0	0	0	0	0	0	0	0	0	0	0	0	0	0	0	0	0	0	0	0	0	0	0	0	0	0	0	0	0	0	1	1	0	0	0	1	1	0	0	1	0	1	0	0	0	0	0	0	0	0	0	0	0	0	0	0	0	1	0	0	0	0	0	0	0	0	0	0	0	1	0	0	1	0	0	0	0	0	0	0	1	0	0	0	0	0	0	0	0	1	1	0	0	1	0	0	0	0	0	0	0	0	0	0	0	0	0	0	0	0	0	0	0	0	0	0	0	0	0	1	0	1	0	0	1	0	0	0	0	0	0	0	0	0	0	0	0	0.0050252322	0.0085512093	0	0	0	3	12.7643836248	14.1104801736	4.2216044169	3.1780342258	0	0.6578552481	0	0.3662378612	0	0.2138686892	18.3278653846	0	22.6	23.0000208611	0	20.6377725672	3.3756676923	0	0.9494060606	2	0	2.6666666667	0.1538461538	0	0.2272727273	2.6153846154	0	2.3636363636	0.8076923077	0	1.196969697	1.0834615385	0	1.8303030303	2.0592307692	0	2.1727272727	0.1538461538	0	0	-6.5315237649	-0.6492652008
10	0_31_1	80.9283667622	2.7177106503	2.7046979866	2.5818155921	1.0416999095	1.2382550336	1.2128182112	0.6298967295	0.9687751678	1.3221253092	2.4832758823	2.2092449664	1.8547434742	0.1132994463	0.4731543624	0.4225612407	0.2736103076	0.3532978712	0.3509753301	19.8616270692	18.2764394483	17.1188574933	24.6465739088	16.8589453145	15.9046458307	1.1838025795	3.7878061074	5.0905634731	2.2665933757	2.1795302013	2.2238259807	0.1362750197	0.5906040268	0.6561301903	fluct	66	1	0.2371583191	1	1	1	0	1	0	1	1	6	8	0	0	0	0	0	0	0	0	0	0	0	0	0	0	0	0	0	0	0	0	0	0	0	0	0	0	1	1	0	0	1	0	0	0	0	1	0	0	0	1	1	0	0	0	0	0	0	0	1	0	0	0	0	0	0	0	0	0	1	0	0	0	0	0	1	0	0	0	0	0	1	1	0	0	0	0	0	0	0	0	0	0	1	0	0	0	1	0	0	0	0	0	0	0	0	0	0	1	0	0	0	0	0	0	0	0	1	0	0	0	1	0	0	0	1	0	0	0	0	1	0	0	0	0	0	0	1	0	0	0	0	0	0	0	1	0	0	0	0	0	0	0	0	0	0	0	0	0	0	1	0	0	0	0	0	0	0	1	0	0	0	0	0	0	0	0	0	0	0	0	0	0	1	0	0	1	0	0	0	0	0	0	0	0	1	0	0	0	0	0	0	0	0	0	0	0	0	0	0	1	0	0	0	0	0	0	0	0	0	1	0	0	0	0	0	0	0	0	1	1	0	0	1	0	0	0	0	0	0	0	0	0	0	0	0	1	0	0	0	0	0	0	0	0	0	0	0	0	1	0	0	0	0	0	0	0	0	1	0	0	0	0	0	0	0	0	-0.0360811898	0.0853727428	0	0	0	3	20.0913486152	23.2296782584	10.2395528784	0	0.2423013792	0	1	0	0.3521061127	0	0	22.0866666667	0	0	33.8377392219	0	0	2.6325166667	0	0	2.1	0	0	0.6666666667	0	0	2.8	0	0	1.15	0	0	0.3666666667	0	0	2.4	0	0	0.6666666667	0	23.0549258264	-0.8961028065
11	0_32_1	85.4590406379	2.7036207288	2.6326000362	2.5118483412	1.0440969976	1.2049921559	1.2085308057	0.6954359745	1.0409969729	1.3496445498	2.3760553092	2.1242566024	1.9047156398	0.1139364086	0.3717090933	0.36492891	0.2944260027	0.3514089549	0.3295956611	19.6929976355	18.3262035964	17.4487985782	22.9661579261	17.6969042073	17.8539637458	1.4359514048	3.9556847537	4.5885720379	2.2245531203	2.262368224	2.2559241706	0.1458669154	0.5152523736	0.5758293839	fluct	46	1	1.7060384928	1	1	1	0	1	1	1	1	7	50	0	0	0	0	0	0	0	0	0	1	0	0	0	0	0	0	0	0	0	0	0	0	0	0	0	0	1	0	0	0	1	0	0	0	1	0	0	0	1	1	0	0	0	0	0	0	0	0	1	0	0	1	0	1	0	0	0	0	1	0	0	0	0	0	0	0	0	0	0	0	1	1	0	0	0	0	0	0	0	1	0	0	0	0	0	0	1	0	1	0	0	0	0	0	1	0	1	1	0	0	0	0	0	0	0	0	0	0	0	0	0	0	0	0	0	0	0	0	0	0	0	0	0	0	0	0	0	0	0	0	0	0	0	0	1	0	0	0	1	0	1	0	0	0	1	0	0	0	0	0	0	0	0	0	0	0	0	0	0	0	0	0	0	0	0	0	0	0	0	0	0	0	0	0	0	0	0	0	0	0	0	0	0	0	0	0	1	0	0	0	0	1	0	0	0	0	0	0	0	1	0	0	0	0	0	0	0	0	0	1	0	0	0	0	0	0	0	0	0	1	0	0	0	0	0	0	0	0	0	0	0	1	0	0	0	0	0	0	0	1	0	0	0	0	1	1	0	0	0	0	0	0	0	0	1	0	0	0	0	1	0	0	0	0	0	0	-0.0267172869	0.1497813602	0	0	0	3	11.9154282554	15.7078343058	7.7754944858	0	0	0.2000581889	1	0	0	0.2572703836	0	0	18.3481481481	0	0	24.5560903717	0	0	0.5359925926	0	0	2.3703703704	0	0	0.5092592593	0	0	1.7407407407	0	0	1.5555555556	0	0	2.2474074074	0	0	2.2255555556	0	0	0.037037037	23.0871508715	-0.0350968887
12	0_32_2	82.9828753485	2.7837837838	2.5675675676	2.5257731959	1.4256756757	1.2567567568	1.0773195876	0.3397972973	0.8975675676	1.3906701031	2.6424324324	2.4521621622	1.8808762887	0.0540540541	0.3513513514	0.412371134	0.268636405	0.3435380986	0.3668402855	20.5928630126	18.1739111149	16.1333298969	19.2124487992	17.3383479778	15.5693368233	0.458787027	2.3257021622	5.0997785567	2.0540540541	2.027027027	2.0670103093	0.0540540541	0.4324324324	0.7268041237	stable	53	1	0.6203082973	1	1	1	0	1	1	1	1	7	26.5	0	0	0	0	0	0	0	0	0	0	0	0	0	0	0	0	0	0	0	0	0	0	0	0	0	1	1	0	0	0	0	0	0	0	0	0	0	0	1	1	0	0	0	0	0	0	1	0	1	0	0	0	0	0	0	0	0	0	1	0	0	0	0	0	1	0	0	0	0	0	1	1	0	0	0	0	0	0	0	0	0	0	0	0	0	0	1	0	1	0	0	0	0	0	0	0	0	1	0	0	0	0	0	0	0	0	1	0	0	0	0	0	0	0	0	0	0	0	0	0	0	0	0	0	0	0	0	0	0	0	0	0	0	0	1	0	0	0	1	0	0	0	0	0	0	0	0	0	0	0	0	0	0	0	0	0	0	0	0	0	0	0	0	0	0	0	0	0	0	0	0	0	1	0	0	0	0	0	0	0	0	0	0	0	0	0	0	0	0	0	0	0	0	0	0	0	0	0	0	0	0	0	0	0	0	1	0	1	0	1	0	0	0	0	0	0	0	0	1	0	0	0	0	0	0	0	0	0	0	0	0	1	0	0	0	1	0	0	0	0	0	0	0	0	0	0	0	0	1	0	0	0	0	0	0	0	0	0	0	0	0	0	0	0	0	0	-0.0002921003	0.0140318612	0	0	0	3	6.7255494248	13.2404092974	4.4396141439	0	0.1136363636	0.0213017751	0	0	0.2740813897	0.2517008968	0	28.7	15	0	35.69	26.4997893266	0	1.2858666667	0.228	0	2	2.2	0	0.3333333333	0.6	0	2.3333333333	1.4	0	0.5	1.5	0	0.1666666667	2.632	0	2.1666666667	2.016	0	0.3333333333	0	23.4049405892	-0.1945847205
13	0_33_1	80.5311977358	2.6666666667	2.6666666667	2.7012987013	1.0333333333	0.9761904762	0.9220779221	0.7656666667	1.3697619048	1.7333116883	2.4444444444	1.9771428571	1.6045454545	0.1555555556	0.380952381	0.6363636364	0.3472763832	0.343094779	0.3752982108	20.4451316227	21.2227090373	17.124230795	24.0951807438	17.205613474	14.9814636897	1.4148111111	5.7692247619	8.0136233766	2.0888888889	2.0714285714	1.9805194805	0.1555555556	0.5238095238	0.8668831169	stable	40	1	0.6242309145	1	1	1	0	1	0	0	0	4	23.5	0	0	0	0	0	0	0	0	0	1	0	0	0	0	0	0	0	0	0	0	0	0	0	0	0	0	1	0	0	0	1	0	0	0	0	0	0	0	0	1	0	0	0	0	0	0	0	0	1	0	0	0	0	0	0	0	0	0	0	0	0	0	0	0	1	0	0	0	0	0	0	1	0	0	0	0	0	0	0	0	0	0	0	0	0	0	0	0	1	0	0	0	0	0	0	0	0	0	0	0	0	0	0	0	0	0	0	0	0	0	0	0	0	0	0	0	0	0	0	0	0	0	0	0	0	0	0	1	0	0	0	0	0	0	0	0	0	0	1	1	0	0	0	0	0	0	0	0	0	1	0	0	0	0	0	0	0	0	0	1	0	0	0	0	0	0	0	0	0	0	0	0	0	0	0	0	0	0	0	0	0	0	0	0	0	0	1	0	0	0	0	0	0	0	1	0	0	0	0	1	0	0	0	0	0	0	0	0	0	1	0	0	0	0	0	0	0	0	1	1	0	0	1	0	0	0	0	0	0	0	0	0	0	0	0	0	0	0	0	0	0	0	0	0	0	0	0	1	0	0	0	0	0	0	0	0	0	0	0	0	0	0	0	0	0	0	0.000745659	0.0079883687	0	0	0	3	12.240201141	9.7027428009	2.5026010335	1.4249805803	0	0.0148760331	0	0.4558761624	0	0.2482613227	23.65	0	25.7333333333	22.1722849453	0	22.06877796	1.3422285714	0	0.6783333333	1.9285714286	0	2.6666666667	0.1428571429	0	0.25	2.6428571429	0	2.3333333333	0.8571428571	0	1.5	0.9285714286	0	1.68	1.8571428571	0	2.59	0.1428571429	0	0	-9.3375731126	0.0384006826
14	0_35_1	82.3452186239	2.6793612353	2.6803278689	2.662037037	1.0326102856	0.9139344262	0.9351851852	0.6771495349	1.0474590164	1.1983796296	2.4082194585	1.9630737705	1.8381018519	0.1129179159	0.4180327869	0.4305555556	0.2948974153	0.3251310481	0.333996547	19.5824549766	17.1776241442	16.6151497604	23.3738100169	16.9125948918	15.7426782218	1.3652037204	3.6335022951	4.4350894444	2.228370899	2.1639344262	2.1481481481	0.1413858445	0.5327868852	0.5833333333	stable	25	1	1.0746710953	1	1	1	0	1	1	0	0	5	28	1	0	0	0	0	0	0	0	0	0	0	0	0	0	0	0	0	0	0	0	0	0	0	0	0	0	0	0	0	0	0	1	1	0	0	0	0	0	0	1	0	0	0	0	0	0	0	0	0	0	0	0	0	0	0	0	0	0	0	0	0	0	0	0	1	0	0	0	0	0	1	1	0	0	0	0	0	1	0	0	0	0	0	0	0	0	0	0	0	0	0	0	0	0	0	0	0	0	0	0	0	0	0	0	0	0	0	0	0	0	0	0	0	0	0	0	0	0	0	0	1	1	1	0	0	0	1	0	0	0	0	0	0	0	0	0	0	0	0	0	0	0	0	0	0	0	0	0	0	0	1	1	0	0	0	0	0	0	0	0	0	0	0	0	0	0	0	0	0	0	0	0	1	0	0	0	0	0	0	0	0	0	0	0	0	1	0	1	0	0	0	0	0	1	0	0	0	0	0	1	0	0	0	0	0	0	0	0	0	0	0	0	0	0	0	0	0	0	0	1	0	0	0	0	0	0	0	0	0	0	0	0	0	0	0	0	1	0	0	0	0	0	0	0	0	0	0	0	0	1	0	1	0	0	0	0	0	0	0	1	1	0	0	0	0	0	-0.0218861733	0.0658491972	1	0	0	2	12.7594530016	18.0537522506	11.6252798481	0	0.1281376337	0	1	0	0.3089978717	0	0	22.3444444444	0	0	32.7344444444	0	0	2.207	0	0	2	0	0	0.5555555556	0	0	2.7777777778	0	0	0.8333333333	0	0	0.5	0	0	2.0555555556	0	0	0.5555555556	0	23.4871279316	0.1574499183
15	0_36_1	78.8348329049	2.6724137931	2.5690376569	2.5846153846	0.9482758621	1.0815899582	1.0384615385	0.5456034483	0.8086820084	0.8657692308	2.6404310345	2.280209205	2.3653076923	0.1206896552	0.3221757322	0.3538461538	0.2411510213	0.3466992742	0.3605821473	19.0422291452	17.8328267097	18.1125383077	28.9823265356	19.3225065357	17.0201821171	0.5978962069	2.479043682	2.9169667692	2.2586206897	2.1087866109	2.1076923077	0.1206896552	0.429916318	0.5538461538	stable	82	1	0.3772970195	1	1	1	0	0	0	0	0	3	16.75	0	0	0	0	0	1	0	0	0	0	0	0	0	1	0	0	0	0	0	0	0	0	0	0	0	1	0	0	0	0	1	0	0	0	1	1	0	0	0	1	0	0	0	0	0	0	0	0	1	0	0	0	0	0	0	0	0	0	0	0	0	0	0	1	0	0	0	0	1	0	1	1	0	0	0	0	0	0	0	0	0	0	0	0	0	1	1	0	1	0	0	0	0	0	1	0	0	0	0	0	0	0	0	0	0	0	1	0	0	0	1	0	0	0	0	0	0	1	0	1	0	1	0	0	0	0	0	0	0	0	0	0	0	0	1	0	0	0	0	0	0	1	0	0	0	0	0	0	0	0	0	0	0	0	0	0	0	0	0	0	0	0	0	0	0	0	0	0	0	0	0	0	1	0	0	0	0	0	0	0	0	0	0	0	1	0	1	0	0	0	0	0	0	1	0	0	0	0	0	1	0	0	0	0	0	0	0	0	0	0	0	0	0	0	0	0	0	0	1	1	0	0	0	0	0	0	1	0	0	0	0	0	0	0	1	0	0	0	0	0	0	0	0	0	0	1	0	0	1	0	0	0	0	0	0	0	0	0	0	0	0	0	0	0	0	0	0.0021518376	0.0104590555	0	0	0	3	45.9504021015	24.0900585864	35.3645525662	2.7794616041	0.3927893005	0	0	0.2567510685	0.3103606687	0	21.075	25.3185185185	0	28.7630608801	32.5976113795	0	1.0453333333	2.8776333333	0	2.25	2.0740740741	0	0.1666666667	0.4814814815	0	3	2.5925925926	0	0.7916666667	0.8333333333	0	0.5833333333	0.4174074074	0	2.8333333333	2.047037037	0	0.1666666667	0.4814814815	0	-13.0388804872	-1.4264072338
16	0_4_1	75.5250097542	2.7112676056	2.46875	2.693877551	1.0492957746	1.1875	1.137755102	0.906971831	1.55796875	1.6260714286	2.0070422535	1.431875	1.4675	0.1223006175	0.34375	0.3571428571	0.2793046859	0.2893836316	0.3565330977	18.8283567133	18.5779938243	16.4295832066	20.2816709228	16.3664621516	13.9187573348	1.0125656338	4.65316875	6.5222561224	2	2.1875	2.1224489796	0.1552966546	0.4921875	0.6428571429	stable	45	1	2.3749496811	1	1	1	0	0	0	0	0	3	83.75	1	0	0	1	0	1	0	0	0	0	0	0	0	0	0	0	0	0	0	0	0	0	0	0	0	0	0	0	0	0	0	0	0	0	1	0	0	0	0	1	1	0	0	0	0	0	0	0	0	0	0	0	0	0	1	0	0	0	0	0	0	0	0	0	0	1	1	0	0	0	1	0	0	0	0	0	0	0	0	0	0	0	1	0	0	0	0	0	0	0	0	0	0	0	0	0	0	0	0	0	0	0	0	0	0	0	1	0	0	1	0	0	0	0	0	0	0	0	0	1	0	0	0	1	0	0	0	0	0	0	0	0	0	0	0	0	0	0	0	0	0	0	0	0	0	0	0	0	1	0	0	0	0	0	0	0	0	0	0	0	0	0	0	0	0	0	0	0	0	0	0	0	0	0	0	0	0	0	1	0	0	0	0	0	0	0	0	0	0	0	0	1	1	0	1	0	0	0	0	0	0	0	0	0	0	0	0	0	0	0	0	0	1	0	1	0	0	1	1	0	0	0	0	0	0	0	0	0	0	0	0	0	0	0	0	1	0	0	0	0	0	0	0	1	0	0	1	0	0	0	1	1	0	0	0	0	0	0	0	0	0	0	0	0	1	0	0.0078205825	0.0344403971	0	0	0	3	7.0592739326	19.5571542762	5.0849641792	0.4979222921	0	0.1207787312	0	0.2571411538	0	0.2410292151	16.5461538462	0	24.4555555556	24.2257510729	0	22.7158519733	0.7603384615	0	0.5688888889	2.1538461538	0	2.4444444444	0	0	0.1666666667	2.6923076923	0	2.2222222222	0.6923076923	0	1.1666666667	0.6923076923	0	1.7866666667	2.0384615385	0	1.7266666667	0	0	0	-6.0299933886	0.4590638985
17	0_4_4	76.487825675	2.8739495798	2.6643884464	2.5937212301	0.8235294118	1.222077862	1.216982233	0.7380252101	1.0124073853	1.453647536	2.2142857143	2.1521524575	1.7591094524	0.0504201681	0.3915988414	0.4503176074	0.3054927211	0.346933498	0.3601051247	21.7912588235	18.8302884624	17.04081085	22.6513615756	18.2950205844	15.3505631384	0.9266778151	4.0226851932	6.3377962429	2.0924369748	2.3316446757	2.247838678	0.0504201681	0.5130069409	0.688680494	stable	27	1	2.2717282352	1	1	1	0	0	0	1	1	5	100	0	0	0	0	0	0	0	0	0	0	0	0	0	0	0	0	0	0	0	0	0	0	0	0	0	0	0	0	0	0	0	0	0	0	1	0	0	0	0	1	1	0	0	0	0	0	0	0	0	0	0	0	0	0	0	0	0	0	0	0	0	0	0	0	1	1	1	0	0	0	0	0	0	0	0	0	0	0	0	0	0	0	0	0	0	0	0	0	0	0	0	0	0	0	0	0	0	0	0	0	0	0	0	0	0	0	0	0	0	0	0	0	0	0	0	0	0	0	0	1	1	0	0	0	0	0	0	0	0	0	0	0	0	0	0	0	0	0	0	0	0	0	0	0	0	0	0	0	0	0	0	0	0	0	0	0	1	1	0	0	0	0	0	0	0	0	0	0	0	0	0	0	0	0	0	0	0	0	1	0	0	0	0	0	0	0	0	0	0	0	0	1	0	0	0	0	0	0	0	0	0	0	0	0	0	0	0	0	0	0	0	0	0	0	0	0	1	1	0	0	0	0	0	0	0	0	0	0	0	0	0	0	0	0	0	1	0	0	0	0	0	0	0	0	0	1	0	0	1	0	0	0	0	0	0	0	0	0	0	0	0	0	0	0	0	0	0.0078205825	0.0344403971	0	0	0	3	2.0085711791	12.5739148296	6.3591343216	0.1737553189	0	0	0	0.2390074206	0	0	18.8403846154	0	0	27.8975030525	0	0	1.1727523077	0	0	2.2307692308	0	0	0	0	0	3	0	0	1.0384615385	0	0	0.9230769231	0	0	2.8653846154	0	0	0	0	0	-10.5832717037	0.2642183591
18	0_8_1	80.5608861104	2.703125	2.6964285714	2.6081081081	1.203125	1.4017857143	1.5608108108	1.046875	1.0540178571	1.4542567568	2.3515625	2.155625	1.7256081081	0.078125	0.4107142857	0.527027027	0.3023056579	0.368470113	0.3501081071	16.8530889064	18.2866019866	16.6768918919	21.9402128933	15.7243921289	13.0488388303	0.913925625	4.6408964286	7.1572854054	2.421875	2.4285714286	2.5405405405	0.12109375	0.5625	0.7094594595	stable	12	1	0.2646693078	1	1	1	0	0	0	1	0	4	40	0	0	0	0	0	0	0	0	0	0	0	0	0	0	0	0	0	0	0	0	0	0	0	0	0	0	0	0	0	0	1	0	0	0	0	0	0	0	0	1	0	0	0	0	0	0	0	0	0	0	0	0	0	0	0	0	0	0	0	0	0	0	0	0	1	0	0	0	0	0	1	0	0	0	0	0	0	0	0	0	0	0	0	0	0	0	0	0	0	0	0	1	0	0	0	0	0	0	0	0	0	0	0	0	0	0	0	0	0	0	0	0	0	0	0	0	0	0	0	0	0	0	0	0	0	0	1	0	0	0	1	0	0	0	0	0	0	0	0	0	0	0	0	0	0	0	0	0	0	0	0	0	0	0	0	0	0	0	0	0	0	0	0	0	0	0	0	0	0	0	0	0	1	0	0	0	0	0	0	0	1	0	0	0	0	0	0	0	0	0	0	0	0	0	0	0	0	0	0	0	0	0	0	0	0	0	0	0	0	1	0	0	0	0	0	0	0	0	0	0	0	0	0	0	0	0	0	0	0	0	0	0	0	0	0	0	1	0	0	0	0	0	0	0	0	0	0	0	1	0	0	0	0	0	0	0	0	0	0	0	0	0	0	0	0	0	-0.0078885168	0.0586029946	0	0	0	3	6.2776489439	13.8784694453	6.3616790541	0.2072378948	0	0.2238248048	0	0.255209656	0	0.3644139971	26.75	0	19.4181818182	22.0675132273	0	15.0283817077	0.8097916667	0	3.2916	2.75	0	2.8181818182	0	0	0.7727272727	3	0	2.6363636364	1.2916666667	0	2.4545454545	0.9166666667	0	0.7345454545	3	0	2.7763636364	0	0	0.6363636364	-11.1862177923	0.2328879455
19	0_87_1	79.9637267415	2.6786151826	2.75	2.8028169014	1.0687001563	1.4583333333	1.5352112676	0.7131159228	1.0721296296	1.1073239437	2.416539274	2.1473148148	2.1385915493	0.1119206846	0.462962963	0.5211267606	0.3058635835	0.3743764993	0.3863045517	19.3832485833	18.2113310893	17.4598564575	23.1401390847	16.7411795579	15.6169048319	1.4520969077	5.1326311111	6.1478704225	2.2731068026	2.5046296296	2.5070422535	0.1357272256	0.5775462963	0.661971831	fluct	21	1	1.1606292561	1	1	1	0	1	1	1	0	6	19	0	0	0	0	0	0	0	0	0	0	0	0	0	0	0	0	0	0	0	0	0	0	0	0	0	0	0	0	0	0	1	0	0	0	0	0	0	0	0	1	0	0	0	0	0	0	0	0	0	0	0	0	0	0	0	0	0	0	1	0	0	0	0	0	1	0	0	0	0	1	0	1	0	0	0	0	0	0	0	0	0	0	0	0	0	0	0	0	0	0	0	0	0	0	0	0	0	0	0	0	0	0	0	0	0	0	0	0	0	0	1	0	0	0	0	0	0	0	0	0	0	0	0	0	0	0	0	0	0	0	0	0	0	0	0	1	1	0	0	0	0	0	0	0	0	0	0	0	0	0	0	0	0	0	0	0	0	0	0	0	0	0	0	0	0	0	0	0	0	0	0	0	0	0	0	0	0	0	0	0	0	0	0	1	0	1	1	0	0	0	0	0	0	0	0	0	0	0	0	1	0	0	0	0	0	0	0	0	0	0	0	0	0	0	0	0	0	0	1	0	0	0	0	0	0	0	0	0	0	0	0	0	0	0	0	0	0	0	0	0	0	0	0	0	0	0	0	0	0	0	0	0	0	1	0	0	0	0	0	0	0	0	0	0	0	0	-0.0492355513	0.1175537668	1	0	0	2	11.2225954009	21.0576916307	21.5863951865	0	0.3626692103	0.404040404	1	0	0.4653792576	0.3277069356	0	23.0875862069	26.5555555556	0	26.9598550724	14.9914321788	0	9.3482344828	2.7230222222	0	2.4827586207	3	0	0.8965517241	0.4444444444	0	2.9310344828	3	0	2.0862068966	2.1666666667	0	0.845	0.5555555556	0	1.9829310345	3	0	0.8965517241	0.4444444444	23.3016320377	0.8585473543
20	0_89_2	78.1526245624	2.6333333333	2.71875	2.7321428571	0.9	1.2734375	1.4464285714	0.6558333333	0.9234375	1.3927678571	2.525	2.128515625	1.7638392857	0.05	0.4375	0.4821428571	0.2639906017	0.3479855243	0.3915304266	20.9266487804	18.005859375	18.0275	21.5018012481	15.3289961521	14.1651002171	0.9251443333	2.997420625	8.0949892857	2.1833333333	2.40625	2.4285714286	0.0666666667	0.53125	0.7321428571	fluct	69	1	2.8079601698	1	1	1	0	1	1	1	1	7	69.5	0	0	0	0	0	1	0	0	0	0	0	0	0	0	0	0	0	0	0	0	0	0	0	0	0	0	0	0	0	0	1	0	0	0	0	1	0	0	1	1	0	0	0	0	0	0	0	0	0	0	0	0	0	0	1	0	0	0	1	0	0	0	0	0	1	0	0	0	0	0	1	1	0	0	0	0	0	0	0	0	0	0	0	0	0	0	0	0	0	1	0	0	0	0	0	0	0	0	0	0	0	0	0	0	0	0	1	0	0	1	0	1	0	0	0	0	0	0	0	1	0	1	0	0	0	0	0	0	0	0	0	1	0	0	1	0	1	0	0	0	0	0	0	0	0	0	0	0	0	0	0	0	0	0	0	0	0	0	0	1	0	0	0	0	0	0	1	0	0	0	0	0	1	0	0	0	0	0	0	0	0	0	0	0	0	0	0	0	0	0	0	0	1	0	0	0	0	0	0	1	0	0	0	0	0	0	0	0	0	1	0	0	0	0	0	0	0	0	1	0	0	0	1	0	0	0	0	0	0	0	0	0	0	0	0	1	0	0	0	0	0	0	0	0	0	0	0	0	1	1	1	0	0	0	0	0	0	0	0	0	0	0	0	0	0	0	-0.0210230463	0.1255207556	0	0	0	3	7.1255182394	8.3966994568	8.013057591	0.0868055556	0.1009339819	0.276511236	1	0.3718108968	0.4369298389	0.320253742	27.64	23.5714285714	24.94	22.7322989018	30.8336438923	16.3321683807	0.74768	7.0043428571	2.45422	1.8	2.2857142857	2.9	0	0.8571428571	0.475	2.6	2.8571428571	2.8	0.3	1.7142857143	2.1	0.6	0.6814285714	0.804	1.8	2.11	2.877	0	0.8571428571	0.4	-12.0689374408	-0.186287706
21	0_9_1	78.1622204786	2.837037037	2.7425742574	2.5977506654	1.2851851852	1.2574257426	1.2325048512	0.7427407407	0.905049505	1.4034969401	2.564962963	2.3281188119	1.7980957612	0.1185185185	0.2871287129	0.4447318465	0.319445428	0.3519318477	0.3546645386	19.5842467182	17.9400570092	17.295183387	27.1135132315	17.838700041	15.8950544972	1.1575976296	4.1029651485	5.772773396	2.2888888889	2.2673267327	2.2664458799	0.1333333333	0.4034653465	0.6588389482	stable	61	1	3.0349249281	1	1	1	0	1	1	0	1	6	62.66666667	0	1	0	0	0	0	0	0	0	0	0	0	0	0	0	0	0	0	0	0	0	0	0	0	0	0	1	0	0	0	1	0	0	0	0	1	0	0	0	0	0	0	0	0	1	0	0	0	1	0	0	0	0	0	0	0	0	0	1	0	1	0	0	0	1	0	0	0	0	1	0	0	0	0	0	0	0	0	0	0	0	0	0	0	0	0	0	0	0	0	0	0	0	0	1	0	0	0	0	0	0	0	0	0	0	0	1	0	0	0	1	0	0	0	0	0	0	0	0	1	0	0	0	0	0	0	0	0	0	0	0	0	0	0	0	0	1	0	0	0	0	0	0	0	0	0	0	0	0	0	0	0	0	0	0	0	0	0	0	1	1	0	0	0	0	1	0	0	0	0	0	0	1	0	0	0	0	0	0	0	0	0	0	1	0	0	0	0	0	0	0	0	0	0	0	0	0	0	1	1	0	0	0	0	0	0	0	1	0	0	0	1	0	0	0	0	0	1	1	0	0	0	0	1	0	0	0	0	0	0	0	0	0	0	0	1	0	0	0	0	0	0	0	0	0	0	0	0	1	0	0	0	0	0	0	0	0	0	0	0	0	0	1	0	0	0	-0.0273927974	0.054550765	0	0	0	3	7.1776143616	20.3351602262	9.275284016	0.7660825773	0.4241738926	0	1	0.3096439086	0.3748644245	0	23.4539473684	22.9348948521	0	28.1340059394	25.8283455931	0	2.4996731579	2.6777142857	0	2.3947368421	2.0714285714	0	0.2894736842	0.4285714286	0	3	2.7857142857	0	1.3421052632	1.8214285714	0	0.8492105263	0.6346428571	0	2.7965789474	2.4917857143	0	0.2894736842	0.4285714286	0	-14.0853261474	0.2364377508
22	0_97_1	81.0123872226	2.7846153846	2.7714285714	2.5675675676	1.1615384615	1.3285714286	1.0405405405	0.7604615385	1.0717142857	1.6762162162	2.5866923077	2.108	1.7494594595	0.0769230769	0.3428571429	0.3918918919	0.2942693032	0.3281438227	0.3681876661	17.7468526908	15.8356417922	15.1222401515	24.5663756755	18.7033162564	16.1732199357	0.6681578462	1.6804491429	5.2897935135	2.3230769231	2.4285714286	2.2027027027	0.0769230769	0.4214285714	0.6047297297	stable	90	1	2.2347696649	1	1	1	0	0	0	1	0	4	57.25	0	0	0	0	0	0	0	0	0	1	1	0	0	0	0	0	0	0	0	0	0	0	0	1	0	0	0	0	0	0	1	0	0	0	1	0	0	0	0	1	1	0	0	0	0	0	0	0	0	0	0	0	0	0	0	0	0	0	1	0	0	0	0	0	1	1	0	0	0	1	0	1	0	0	0	0	0	0	0	0	0	0	0	0	0	1	1	1	1	0	0	0	0	0	0	0	0	0	0	0	0	0	0	1	0	0	1	0	0	0	1	0	0	0	0	0	0	0	0	0	0	0	0	0	0	0	0	0	0	0	0	0	0	0	0	0	1	0	0	0	0	0	0	0	0	0	0	0	1	0	0	0	0	0	0	0	0	0	0	1	1	0	0	0	0	0	0	0	0	0	0	0	1	0	0	0	0	0	1	0	0	0	0	1	0	0	1	0	0	0	0	1	0	1	0	0	0	0	0	1	0	0	0	0	0	0	0	1	0	1	0	0	0	0	0	0	0	1	1	1	0	0	1	0	0	0	0	0	0	0	0	0	0	1	0	0	0	0	0	1	0	0	0	0	0	1	0	0	0	0	1	1	0	1	0	0	0	0	0	0	0	0	0	0	0	0	-0.001157291	0.0048563027	1	0	0	2	6.6643504879	7.575220918	5.3979221973	0.5610261477	0	0.4587818787	0	0.3768158624	0	0.2185770697	20.8466666667	0	24.3236842105	22.6584816857	0	20.2752398358	0.8936426667	0	0.9731684211	2.0666666667	0	2.7368421053	0	0	0.1973684211	2.8	0	2.4736842105	0.9333333333	0	1.2631578947	1	0	1.6947368421	2.4	0	2.3605263158	0	0	0	-7.9321659813	-0.8593736741
23	1_13_3	89.0303617571	2.7887323944	2.4482758621	2.4797297297	0.9295774648	1.0689655172	0.9831081081	0.4623239437	0.6467241379	1.3539527027	2.7344366197	2.4653448276	1.627027027	0.0281690141	0.3448275862	0.3783783784	0.2513203244	0.3385200109	0.3457959245	22.6488613961	18.7672413793	16.1401937086	26.6370426602	18.4300838763	15.6858867294	0.6000143662	2.583822069	4.2494189189	2.2253521127	2.1379310345	2.0506756757	0.0281690141	0.5172413793	0.6790540541	stable	55	1	0.2820331886	1	1	1	0	1	0	0	0	4	15.75	0	0	0	0	0	0	0	0	0	0	0	0	0	0	0	0	0	0	0	0	0	0	0	0	0	0	0	1	0	0	1	0	0	0	0	0	0	0	0	1	0	0	0	0	0	0	0	0	0	1	0	0	0	0	0	0	0	0	1	0	0	0	0	1	0	0	0	0	0	0	0	1	0	0	0	0	1	0	0	0	0	0	0	0	0	0	1	1	1	0	0	0	0	0	0	0	0	0	0	0	0	0	0	0	0	0	1	0	0	0	0	0	0	0	0	0	0	0	0	1	0	0	0	0	0	0	0	0	0	0	0	1	0	0	0	0	0	0	1	1	0	0	0	0	0	0	0	0	0	0	0	0	0	0	0	0	0	0	0	0	0	0	0	0	0	0	1	0	0	0	0	0	0	0	0	1	0	0	0	0	0	0	0	0	1	0	0	0	0	0	0	0	0	0	0	0	0	0	1	0	0	0	0	0	0	0	0	0	0	1	0	0	0	0	0	0	0	0	1	0	0	0	0	0	0	0	0	0	0	0	0	0	0	0	0	1	0	0	0	0	0	0	0	0	0	0	0	0	0	0	1	0	0	0	0	0	0	0	0	0	0	0	0	0	0	0	0.0078931073	0.0636210844	0	0	0	3	4.3468181773	14.2918021924	3.2178096929	0.0063131313	0	0.8471638058	0	0.2635120845	0	0.3306174742	24.85	0	19.95	38.8825	0	17.0196332525	2.0088	0	2.63015	2.5	0	2.55	0.5	0	0.5375	3	0	2.5	0.75	0	1.85	0.25	0	1.002	2.75	0	1.7385	0.5	0	0.5	-23.0133183956	0.3162222444
24	1_19_1	81.3593089372	2.65	2.6808510638	2.6323529412	1	1.3829787234	1.2941176471	0.7	0.9780851064	1.2726470588	2.65	2.180106383	1.9110294118	0.05	0.3829787234	0.3529411765	0.3764851919	0.4204611071	0.3802758495	14.5010235	18.2957446809	17.6231395588	22.940816782	19.8333026393	16.3607800138	0.697534	4.6519480851	7.5701535294	2.25	2.2765957447	2.2058823529	0.05	0.5106382979	0.5735294118	shrink	44	1	0.0381809835	1	1	1	0	1	0	0	0	4	47.25	0	0	0	0	0	0	0	0	0	0	0	0	0	0	0	0	0	0	0	0	0	0	0	0	0	0	0	0	0	0	1	0	0	0	0	0	0	0	0	1	0	0	0	0	0	0	0	0	0	0	0	0	0	0	0	0	0	0	0	0	0	0	0	0	1	0	0	0	0	0	0	0	0	0	0	0	0	0	0	0	0	0	0	0	0	0	1	0	0	0	0	0	0	0	0	0	0	0	0	0	0	0	0	0	0	0	0	0	0	0	1	0	0	0	0	0	0	0	0	1	0	0	0	0	0	0	0	0	0	0	0	0	0	0	0	0	1	0	1	0	0	0	0	0	0	0	0	0	0	0	0	0	0	0	0	0	0	0	0	0	0	0	0	0	1	0	0	0	0	0	0	0	1	0	0	0	0	0	0	0	0	0	0	0	0	0	1	0	0	0	0	0	0	0	0	0	0	0	1	1	0	0	0	0	0	0	0	1	0	0	0	0	0	0	0	0	0	0	0	1	0	0	0	0	1	0	0	0	0	0	0	0	0	0	0	1	0	0	0	0	0	0	0	0	0	0	1	0	1	0	1	0	0	0	0	0	0	0	0	0	0	0	0	0	0	1	-0.0184455826	0.0099327683	0	0	0	3	2.4354168076	9.9322463502	3.4321933177	0	0.2424242424	0	0	0	0.4901499957	0	0	22.3642857143	0	0	27.9768944099	0	0	9.4400571429	0	0	2.4285714286	0	0	1	0	0	3	0	0	2.1428571429	0	0	0.8792857143	0	0	2.0221428571	0	0	1	0	23.2290521877	-0.2206828086
25	1_25_1	77.162067964	2.7037037037	2.625	2.6058823529	1.4259259259	1.625	1.4205882353	0.5959259259	1.103125	1.4091176471	2.5740740741	2.299375	1.7225294118	0.1481481481	0.375	0.4470588235	0.3863221964	0.4385662195	0.3442426473	16.5433416971	19.212650938	16.2471835736	24.2104362713	18.3122118569	16.2104746421	1.1812096296	7.3642375	5.5816627059	2.4074074074	2.5	2.4764705882	0.1481481481	0.5	0.6794117647	stable	55	1	0.5028915267	1	1	1	1	1	0	1	0	6	33	1	1	0	0	0	0	0	0	0	0	0	0	0	0	0	0	0	0	0	0	0	1	0	0	0	0	1	0	0	0	1	0	0	0	0	0	0	0	0	1	0	0	0	0	0	0	0	0	0	0	0	0	0	0	0	0	0	0	1	0	0	0	0	0	1	0	0	0	0	0	0	0	0	0	0	0	0	0	0	0	0	0	0	0	0	0	0	0	1	0	0	1	0	0	0	0	0	0	0	0	0	0	0	0	0	0	0	0	0	0	1	0	0	0	0	0	0	0	0	0	1	0	0	0	0	0	0	0	0	0	0	1	0	1	0	0	0	1	1	0	0	0	0	0	0	0	0	0	0	0	0	0	0	0	0	0	0	0	0	0	0	0	0	0	0	0	0	0	0	1	0	0	0	0	0	0	0	0	0	0	0	0	0	0	0	0	1	0	0	0	0	0	0	0	0	0	0	0	0	1	0	0	0	0	0	0	0	0	0	1	0	0	0	0	0	0	0	0	0	0	0	0	0	1	0	0	0	0	0	0	0	0	0	0	0	0	0	0	0	0	0	0	0	0	0	0	0	0	0	0	0	0	0	0	0	0	0	0	0	0	0	0	0	0	0	0	-2.80502184002901E-005	0.0094030865	0	0	0	3	13.0790806316	12.1086226972	3.1784942669	0	0.7272727273	0.9944002084	0	0	0.4998376335	0.3114750865	0	22.575	19.2636363636	0	26.2913768115	19.5713611585	0	10.4038	1.9487954545	0	2.5	2.6136363636	0	1	0.6306818182	0	3	2.2272727273	0	2.25	2.0113636364	0	0.9425	1.4472727273	0	1.9425	2.5247727273	0	1	0.3409090909	23.1114987587	0.7721841289
26	1_26_1	99.949210414	2.7931034483	2.634619438	2.5399061033	1.0517241379	1.2412398754	1.3779342723	0.7203448276	1.0645835905	1.4551173709	2.6206896552	2.118294962	1.7045774648	0.1724137931	0.370797202	0.3802816901	0.3018180391	0.3616178267	0.3315189432	19.1424237205	18.2842616158	18.4798122066	21.8592290685	17.7778093487	16.4592236977	1.7733717241	4.2059672612	5.724599061	2.3793103448	2.2834536421	2.4272300469	0.2413793103	0.5279662415	0.5845070423	stable	33	1	0.1412771377	1	1	1	0	1	0	1	0	5	11	0	0	0	0	0	0	0	0	1	0	0	0	0	0	0	0	0	0	0	0	0	0	0	0	0	0	0	0	0	0	1	0	0	0	0	0	0	0	0	1	0	0	0	0	0	0	0	0	0	0	0	0	0	0	0	0	0	0	1	0	0	0	0	0	0	0	0	0	0	0	0	1	0	0	0	0	0	0	0	0	0	0	1	0	0	0	0	1	0	0	0	1	0	0	0	0	0	0	0	0	0	0	0	0	0	0	0	0	0	0	0	0	0	1	0	0	0	0	0	0	0	0	0	0	0	0	0	0	0	0	0	1	0	0	0	0	0	0	0	0	0	0	0	0	0	0	0	0	0	0	0	0	0	0	0	0	0	0	0	0	0	0	0	0	0	0	1	0	0	0	0	0	1	0	0	0	0	0	0	0	0	0	0	0	0	0	1	0	0	0	0	0	0	0	0	0	0	0	0	1	0	0	0	0	0	0	0	0	0	1	0	0	0	0	0	0	0	0	0	0	0	0	0	0	0	0	0	0	0	0	0	0	0	0	0	1	0	0	0	0	0	0	0	0	0	0	0	0	0	0	0	1	0	0	0	0	0	0	0	0	0	0	0	0	0	0	-0.0050454515	0.0154396949	0	0	0	3	14.2017824201	15.6940479997	7.5927245531	0.2222222222	0	2.0452379239	0	0.244451121	0	0.3000195681	20.8375	0	20.247826087	20.4009424603	0	19.9023511765	1.18507	0	1.7360289855	2.25	0	2.5797101449	0	0	0.5289855072	3	0	2.2463768116	0.75	0	1.8333333333	1	0	1.4620289855	3	0	2.2889855072	0	0	0.2898550725	-6.1513182187	1.0934732133
27	1_27_1	110.5990724452	2.6481481481	2.5689655172	2.4718309859	1.0740740741	1.275862069	1.3873239437	0.7424074074	1.1136206897	1.5455633803	2.3940740741	1.8810344828	1.5890492958	0.1481481481	0.3965517241	0.5211267606	0.3303282299	0.4124875328	0.3530493756	19.2980651647	15.7183489655	16.6874647887	24.8421872287	19.1320163757	17.1024348249	1.7316503704	4.8132468966	6.536543662	2.2592592593	2.2413793103	2.4436619718	0.1990740741	0.625	0.7376760563	fluct	71	1	0.3189506432	1	1	1	0	1	0	1	0	5	9	0	1	0	0	0	0	0	0	0	0	0	0	0	0	0	0	0	0	0	1	0	0	0	1	0	0	1	0	0	0	1	0	0	0	0	0	0	0	0	0	1	0	0	0	1	0	0	0	0	0	0	0	0	0	0	1	0	0	0	0	0	0	0	0	1	0	1	0	0	0	0	0	0	0	0	0	0	0	0	0	0	0	0	0	0	1	0	0	0	0	0	1	0	0	1	0	0	0	0	0	0	0	0	0	0	0	0	0	0	0	1	0	0	0	0	0	0	0	0	1	1	0	0	0	0	0	0	0	0	0	0	0	0	0	0	0	0	0	0	0	0	0	0	0	0	0	0	0	0	0	0	0	0	0	0	0	0	0	0	1	0	0	0	0	0	0	0	0	0	1	0	0	0	0	0	0	0	0	1	0	0	0	0	0	1	0	0	0	0	0	0	0	0	1	0	0	0	0	1	0	0	0	0	0	0	0	0	0	0	0	0	0	0	0	0	0	0	0	0	1	0	0	0	0	0	0	0	0	0	0	0	0	0	0	0	1	0	0	0	0	0	0	0	0	0	0	0	0	1	0	1	0	0	0	0	0	0	0	0	0	0	0	0	0	0	0	0.0274629869	0.1231613568	0	0	0	3	14.9638378284	15.5853154545	8.6451520111	1.125121574	0.101010101	1.1906973131	0	0.2357778542	0.4856193352	0.3037051344	22.5701730769	19.8	19.75	28.243083028	34.498	19.9264759471	0.9046230769	2.99608	1.7999944444	2.4615384615	2	2.5833333333	0.0769230769	0.8	0.5763888889	2.7692307692	2.8	2.2222222222	0.8461538462	1.4	1.9027777778	0.8319230769	0.553	1.4866666667	2.7307692308	2.2	2.3891666667	0.0769230769	0.8	0.3055555556	-13.3225338338	-1.1098050109
28	1_27_2	109.5349431818	2.7272727273	2.6419060007	2.4814814815	1	1.226757049	1.5648148148	0.4671818182	1.061693097	1.7655864198	2.5363636364	2.1202672698	1.5854012346	0.0181818182	0.3690362505	0.5586419753	0.3027194512	0.3562883124	0.3388426623	19.1840176992	18.2554686337	18.2929012346	27.0285103059	17.9250052837	15.5778554779	0.6761109091	4.1412249581	6.7505962963	2.1636363636	2.2913703094	2.5	0.0363636364	0.5150813937	0.7731481481	fluct	71	1	0.5216785684	1	1	1	0	1	1	1	0	6	24	0	1	0	0	0	0	0	0	0	0	0	0	0	0	0	0	0	0	0	0	0	0	0	1	0	0	0	0	0	0	1	0	0	0	0	0	0	0	0	1	1	0	0	0	1	0	0	0	0	0	0	0	0	0	0	0	0	0	0	0	0	0	0	0	1	0	1	0	0	0	0	0	0	0	0	0	0	0	0	0	0	0	1	0	0	1	0	0	0	0	0	0	0	0	1	0	0	0	0	0	0	0	0	0	0	0	0	0	0	0	1	0	0	0	0	0	0	0	0	1	1	0	0	0	0	0	0	0	0	0	0	0	0	0	0	0	0	0	1	0	0	0	0	0	1	0	0	0	0	0	0	0	0	0	0	0	0	0	0	1	0	0	0	0	0	0	0	0	0	1	0	0	0	0	0	0	0	0	1	0	0	0	0	0	1	0	0	0	0	0	1	0	0	1	0	0	0	0	0	1	0	0	0	0	0	0	0	1	0	0	0	0	0	0	0	1	0	0	0	1	0	0	0	0	0	0	0	0	0	0	0	0	0	0	0	1	0	0	1	0	0	0	0	0	0	0	0	0	1	0	0	0	0	0	0	0	0	0	0	0	0	0	0	0	0	0	-0.0133441212	0.1476925076	0	0	0	3	16.0077015756	16.2572726656	7.8909778054	1.4846944164	0	1.1163766376	0	0.1923775425	0	0.2810311159	21.25415	0	21.887755102	32.6868359788	0	20.8937548795	0.7436733333	0	1.3374734694	2.5333333333	0	2.5918367347	0.0666666667	0	0.443877551	2.8	0	2.2448979592	0.6	0	1.7142857143	0.5876666667	0	1.5853061224	2.7666666667	0	2.3895918367	0.0666666667	0	0.1836734694	-15.9465766565	-1.0471577437
29	1_28_1	93.6112	2.8636363636	2.7777777778	2.6232876712	1.2272727273	0.9166666667	1.2808219178	0.4118181818	0.8544444444	1.4189041096	2.6822727273	2.2877777778	1.8125342466	0.0681818182	0.3888888889	0.5342465753	0.2394424765	0.3873070708	0.3485652086	18.6025728777	20.2333333333	17.3037257534	23.3249643673	17.950996822	15.7139722736	1.2972390909	5.0602577778	5.7928013699	2.5	2.1111111111	2.2808219178	0.0909090909	0.6111111111	0.7756849315	stable	46	1	0.0476297729	1	1	1	0	1	0	1	0	5	4.75	0	0	0	0	0	0	0	0	0	0	0	0	0	0	0	0	0	0	0	0	0	0	0	0	0	0	1	0	0	0	0	0	0	0	0	0	0	0	0	1	0	0	0	0	0	0	0	0	0	0	0	0	0	0	0	0	0	0	0	0	0	0	0	0	1	0	0	0	0	0	1	0	0	0	0	0	0	0	0	0	0	0	1	0	0	0	1	0	1	0	0	1	0	0	0	0	0	0	0	0	0	0	0	0	0	0	0	0	0	0	0	0	0	0	0	0	0	0	0	1	0	0	0	0	0	0	0	0	0	0	0	1	0	0	0	0	1	0	1	0	0	0	0	0	0	0	0	0	0	1	0	0	0	0	0	0	0	0	0	0	0	0	0	0	0	0	0	0	0	0	0	0	1	0	0	0	0	0	1	0	0	0	0	0	1	1	0	0	0	0	0	0	0	0	1	0	0	0	0	0	0	0	0	0	1	0	0	0	0	1	0	0	0	1	0	0	0	0	1	1	0	0	0	0	0	0	0	0	0	0	0	0	0	0	0	1	0	0	0	0	0	0	0	0	0	0	0	0	1	0	0	1	0	0	0	0	0	0	0	0	0	0	0	0	0	0	0.0003310128	0.0091435678	0	0	0	3	6.7136889298	14.4747243123	3.234493966	0	0.4545454545	0.700788824	0	0	0.2740813897	0.3346684678	0	28.7	20.3777777778	0	35.69	17.1206671641	0	1.2858666667	2.5894611111	0	2	2.75	0	0.3333333333	0.6597222222	0	2.3333333333	2.5	0	0.5	2.2083333333	0	0.1666666667	1.0377777778	0	2.1666666667	2.6925	0	0.3333333333	0.4722222222	23.1437562273	-1.2503658614
30	1_29_1	86.5255617978	2.7215189873	2.6	2.4146341463	0.9430379747	0.9666666667	1.1910569106	0.6403797468	0.616	1.2884146341	2.5383544304	2.3306666667	1.8752439024	0.0506329114	0.2666666667	0.4227642276	0.2378159192	0.3236875799	0.3794816498	19.7111864351	18.2228993333	14.8901502439	26.4269843494	19.676370779	14.8712773631	0.5028706329	1.8305946667	5.4123837398	2.3670886076	2.1333333333	2.0894308943	0.0506329114	0.3333333333	0.6504065041	stable	56	1	0.4625385474	1	1	1	0	0	0	0	1	4	22.75	0	0	0	0	0	0	0	0	0	0	0	0	0	0	0	0	0	0	0	0	0	0	0	0	0	0	1	1	0	0	1	0	0	0	1	1	0	0	0	1	0	0	0	0	1	0	1	0	1	0	0	0	0	0	0	0	0	0	1	0	0	0	0	0	1	0	0	0	0	0	1	1	0	0	0	0	0	0	0	0	0	0	1	0	0	0	1	0	1	0	0	0	0	0	0	0	0	0	0	0	0	0	0	0	0	0	0	0	0	0	0	0	0	0	0	0	0	0	0	1	1	0	0	0	0	0	0	0	0	0	0	0	0	0	0	0	0	0	0	0	0	1	0	0	0	0	0	0	0	0	0	0	0	0	0	0	0	0	0	1	0	0	0	0	0	0	0	0	0	0	0	0	1	0	0	0	0	0	0	0	0	0	0	0	1	0	1	0	0	0	0	0	0	1	0	0	0	0	0	1	0	0	0	0	0	0	1	0	0	1	0	0	0	0	0	0	0	0	1	1	0	0	0	0	0	0	0	0	0	0	1	1	0	0	0	1	0	0	0	0	0	0	0	0	0	0	0	0	1	0	0	0	0	0	0	0	0	0	0	0	0	0	0	0	0	0	-0.0020083976	0.0134653749	0	0	0	3	30.8489721076	9.8947153333	1.532367423	1.0872596247	0	0	0	0.2398914988	0	0	22.4384615385	0	0	27.3869686842	0	0	0.5352307692	0	0	2.2307692308	0	0	0	0	0	2.9230769231	0	0	0.5	0	0	0.5384615385	0	0	2.6923076923	0	0	0	0	0	-12.6565621893	-1.3326659071
31	1_29_3	85.5605214153	2.7796610169	2.7105263158	2.7246376812	0.9957627119	1.149122807	1.1884057971	0.5766101695	1.0314912281	1.137826087	2.6225	1.9670614035	1.8254347826	0.0593220339	0.3333333333	0.3623188406	0.2289316129	0.3433618559	0.3563902084	20.0937081972	16.6957293871	16.3190591223	26.9628185135	16.3983177952	16.3951229674	0.8735767797	4.4679919298	4.5465837681	2.406779661	2.2807017544	2.2246376812	0.0593220339	0.5263157895	0.5579710145	stable	130	1	1.3688375844	1	1	1	0	0	0	0	1	4	54	0	0	0	0	0	1	0	0	0	0	1	0	0	0	0	0	0	0	0	0	0	0	0	0	0	0	1	1	0	0	1	0	0	0	1	1	0	0	1	1	0	0	0	0	1	0	1	0	1	0	0	0	0	0	0	0	0	0	1	0	0	0	0	0	1	0	0	0	0	0	1	1	0	0	0	0	0	0	0	0	0	0	1	0	0	1	1	0	1	0	0	0	0	0	0	0	0	0	0	0	0	0	0	0	0	0	1	0	0	0	0	0	0	1	0	0	0	0	0	1	0	0	0	0	0	0	1	0	0	0	0	0	0	0	1	0	0	0	0	0	0	1	0	0	0	0	0	0	0	0	0	0	0	0	0	0	0	0	0	1	0	1	0	0	0	1	1	0	0	0	0	0	1	0	0	1	0	1	1	0	0	0	0	0	1	0	1	0	0	0	0	0	0	1	0	0	1	0	0	1	0	0	0	0	0	0	0	1	0	1	0	0	0	0	0	1	0	0	1	1	0	0	1	0	0	0	1	0	1	0	1	1	0	0	0	1	0	0	0	0	0	0	0	0	0	0	0	0	1	0	0	0	0	0	1	0	1	0	0	0	0	0	0	0	0	0	-0.0020083976	0.0134653749	0	0	0	3	24.8938229504	17.1287640783	18.7977913518	0.9547698216	0.0909090909	0.0947543077	0	0.2659155198	0.3643344064	0.242837242	24.7425	24.3571428571	24.775	30.2258232473	37.0614285714	22.55408347	2.0824	2.6411428571	0.59625	2.35	2	2.5	0.3	0.7142857143	0.1875	3	2.7142857143	2.25	0.9	1.0714285714	1.25	0.49425	0.3571428571	1.76	2.79425	2.3571428571	1.9425	0.3	0.7142857143	0	-16.4321292968	-2.2086577006
32	1_32_1	93.9153318078	2.5945945946	2.5913978495	2.595890411	1.3783783784	1.3870967742	1.4212328767	1.1952702703	1.3709677419	1.3558219178	1.755	1.679516129	1.747739726	0.2432432432	0.4946236559	0.5068493151	0.3033545642	0.3277975675	0.3086897404	18.7475171363	19.7267203226	19.6844479058	20.3563126006	18.9562925791	19.455008217	2.8802713063	4.0417283871	4.3019376712	2.2972972973	2.4516129032	2.397260274	0.2905405405	0.6075268817	0.5753424658	stable	54	1	0.3793957109	1	1	1	1	1	1	1	1	8	10	1	0	0	0	0	0	0	0	1	1	0	0	0	0	0	0	1	1	0	0	0	0	0	0	0	0	0	0	1	0	1	0	0	0	0	0	0	0	0	1	0	0	0	0	0	0	0	0	0	0	0	0	0	0	0	0	0	0	1	0	0	0	0	0	1	0	0	0	0	0	0	1	0	0	1	0	0	0	0	0	0	0	0	0	0	0	0	0	0	0	0	1	0	0	0	0	0	0	0	0	1	0	0	0	0	1	0	0	1	0	0	0	0	0	0	0	0	0	1	1	0	0	0	0	0	0	0	0	1	1	0	0	0	0	0	0	1	0	0	0	0	0	0	1	1	0	0	0	0	1	0	0	0	0	0	0	0	0	0	0	0	0	0	0	0	1	0	0	0	0	0	0	0	0	1	0	0	0	0	0	0	0	0	0	0	1	1	0	0	0	0	1	0	0	0	0	0	0	0	1	0	1	0	0	0	0	1	1	0	1	0	0	0	0	0	0	0	0	1	0	0	1	0	0	0	0	0	0	0	0	0	0	0	0	0	1	0	0	0	0	0	0	0	0	0	0	1	0	1	0	0	0	0	0	0	0	0	0	0	0	1	0	0	1	1	0	-0.0016111274	0.0046396547	0	0	0	3	22.1605463335	22.8945234573	16.7953713839	1.3470531081	0.5568181818	1.6367882846	0	0.3765101144	0.4998376335	0.1808885077	26.2658249299	22.575	23.4184210526	20.228696299	26.2913768115	18.3961968024	7.27595	10.4038	1.2318631579	2.75	2.5	2.6578947368	0.5	1	0	3	3	2.6578947368	2	2.25	0.6842105263	0.956875	0.9425	1.6578947368	2.331875	1.9425	1.3421052632	0.5	1	0	-9.767407831	0.4958823731
33	1_32_2	81.1556091677	2.75	2.5409836066	2.4897959184	1.0454545455	1.1229508197	1.3673469388	0.84	1.2059836066	1.3644897959	2.2310227273	1.8763934426	1.6912244898	0.2045454545	0.2131147541	0.4489795918	0.3211026298	0.3571942872	0.322204268	17.2928483823	17.7131614415	18.0307135745	24.3540103268	19.0375285506	17.6512849092	1.4674304545	3.6561095082	4.2786016327	2.2954545455	2.0327868852	2.1224489796	0.2443181818	0.3893442623	0.6326530612	shrink	40	1	0.6249915579	1	1	1	1	1	1	1	1	8	24.33333333	1	0	0	0	0	0	0	0	0	0	0	0	0	0	1	0	0	0	1	0	0	0	0	0	0	0	0	0	0	0	1	0	0	0	1	0	0	0	0	1	0	0	0	0	0	0	0	0	0	0	0	0	0	0	0	0	0	0	0	0	0	0	0	0	1	0	0	0	0	0	0	0	0	0	0	0	0	0	0	0	0	0	0	0	0	0	0	0	0	0	0	0	0	0	0	0	0	0	0	0	0	0	0	0	0	0	0	0	0	1	1	0	0	0	0	0	1	0	0	1	1	0	0	0	0	0	0	0	0	0	0	0	0	0	0	0	1	0	1	0	0	0	0	0	0	0	0	0	0	0	0	0	0	0	0	0	0	0	0	0	0	0	0	0	0	0	0	0	0	0	0	1	1	0	0	0	0	0	0	0	0	0	0	0	0	0	1	0	0	0	1	1	0	0	0	0	0	0	0	1	0	0	0	0	0	0	0	1	0	0	0	0	0	0	0	0	0	0	0	1	0	0	0	0	0	0	0	0	0	0	0	0	0	0	0	1	0	0	0	0	0	0	0	0	0	0	0	0	1	0	0	0	0	0	0	0	0	0	0	0	0	0	0	0	0	1	-0.0392958093	0.02288171	0	0	0	3	12.2235802848	15.4454568906	12.5007192921	0.7489463908	0.0505050505	0	1	0.2918815585	0.521349446	0	19.3631578947	18.9333333333	0	26.337635756	32.1033333333	0	1.3535473684	2.5550666667	0	2.3157894737	2	0	0.2105263158	0.6666666667	0	3	2.6666666667	0	1.1578947368	1.3333333333	0	0.7894736842	0.5883333333	0	2.7631578947	2	0	0.2105263158	0.6666666667	0	-9.8185307223	0.1204266319
34	1_33_1	85.7357284549	2.9710144928	2.756097561	2.5812567135	1.1014492754	0.9634146341	1.1882297042	0.3265217391	0.3902439024	1.4147051083	2.9275362319	2.5365853659	1.7848312971	0.1023220704	0.3700455949	0.4464634337	0.215773036	0.2339400215	0.3579641275	21.3919201948	21.314730222	16.8466320672	22.8918978826	23.7927528945	15.4237989796	0.7014771014	0.6306009756	6.1220215607	2.3043478261	2.3902439024	2.2251186072	0.1172450882	0.5072820991	0.6915344543	stable	26	1	0.8522722172	1	1	1	0	1	0	1	1	6	45.25	0	0	0	0	0	0	0	0	0	0	0	0	0	0	0	0	0	0	0	0	0	0	0	0	0	0	0	0	0	0	0	0	0	0	0	0	0	0	0	0	0	0	0	0	0	0	0	0	0	0	0	0	0	0	0	0	0	0	1	0	0	0	0	0	0	0	0	0	0	0	0	0	0	0	0	0	0	0	0	0	0	0	1	0	0	0	0	0	1	0	0	0	0	0	0	0	0	0	0	0	0	0	0	0	0	0	1	0	0	0	0	0	0	0	0	0	0	0	0	1	0	0	0	0	0	0	0	0	0	0	0	0	0	0	0	0	0	0	0	0	0	0	0	0	0	0	0	0	0	0	0	0	0	0	0	0	0	0	0	1	0	0	0	0	0	0	1	0	0	0	0	0	0	0	0	0	0	0	0	0	0	0	0	0	0	0	0	0	0	0	0	0	0	0	0	0	0	0	0	0	0	0	0	0	0	0	0	0	0	0	0	0	0	0	0	0	0	0	1	0	0	0	0	0	0	0	0	0	0	0	1	0	0	0	0	0	0	0	0	0	0	0	0	0	0	0	0	0	0	0	1	1	0	0	0	1	0	0	0	0	0	0	0	0	0	0	0.0211597936	0.0398103867	0	0	0	3	1.8080208708	3.4102743684	5.7172561518	0	0	0	0	0	0	0	0	0	0	0	0	0	0	0	0	0	0	0	0	0	0	0	0	0	0	0	0	0	0	0	0	0	0	0	0	0	23.1410096598	0.6569101127
35	1_34_1	75.8429049914	2.5742574257	2.5322580645	2.5555555556	1.099009901	1.1451612903	1.3148148148	0.8937623762	0.9612903226	1.4612037037	2.2183168317	2.2224193548	1.6268518519	0.0346534653	0.5483870968	0.5740740741	0.36561102	0.3895840074	0.3430858413	18.7849039689	23.2214905646	20.9583333333	22.9740883311	19.3846696335	16.0866519769	1.1584805941	7.5675335484	7.456562963	2.3366336634	2.7741935484	2.6296296296	0.0396039604	0.5806451613	0.6481481481	stable	97	1	2.0002897822	1	1	1	0	1	0	1	1	6	91.25	0	0	0	0	0	0	0	0	0	0	0	0	0	0	0	0	0	0	0	0	0	0	0	1	0	0	1	0	0	0	1	0	0	0	0	0	1	0	0	1	0	0	0	0	0	0	0	0	0	0	0	0	0	0	0	0	0	0	1	0	0	0	0	0	1	0	0	0	0	0	0	0	0	0	0	0	0	0	0	0	0	0	1	0	0	0	1	1	1	0	0	0	0	0	1	0	0	0	0	0	0	0	0	0	0	0	0	0	0	0	1	0	0	0	0	0	0	0	0	1	1	0	0	0	0	0	0	0	0	0	0	0	0	1	0	0	0	0	0	0	0	0	0	0	0	0	0	1	0	0	0	0	1	0	0	0	0	0	0	1	0	0	0	0	1	1	0	0	0	1	0	0	1	0	0	0	0	0	0	0	0	0	0	1	1	0	0	0	0	0	0	0	0	0	0	0	0	0	1	0	0	0	0	0	0	1	0	1	0	1	0	0	0	0	1	0	0	0	0	1	0	0	1	1	0	0	0	0	0	0	0	0	0	0	0	1	0	0	0	0	0	0	0	0	0	0	0	0	0	1	0	1	1	0	1	0	0	0	0	0	0	0	0	0	0	0	0.0009967444	0.0363632725	0	0	0	3	5.2514462176	10.0674834576	4.2068375654	0.309067496	0.3636363636	0.2222222222	0	0.5736608968	0.4772331453	0.2393913227	24.55	22.0833333333	29.5666666667	18.22392135	30.2242512077	20.6058465607	1.09944	8.1550666667	0.7833333333	1.5	2.3333333333	2.6666666667	0	1	0	2.3	3	2.6666666667	0.4	2	1.1666666667	1	0.795	1.3333333333	0.9	2.1283333333	2	0	1	0	-6.7009281952	-0.7070064983
36	1_36_1	100.5375426621	2.7256688017	2.5	2.4791666667	1.0766192028	1.25	1.3333333333	0.6514972598	1.0023076923	1.6521527778	2.4666981389	2.4165384615	1.7519444444	0.1104249204	0.2692307692	0.3888888889	0.2866816856	0.3386283699	0.3309912159	19.3840742694	17.3894008655	16.881907717	24.0077523477	16.8739685481	15.5961460717	1.2678912918	3.1505092308	6.233355	2.2809883725	2.1923076923	2.3541666667	0.1351579999	0.4903846154	0.6822916667	stable	13	1	0.0288840118	1	1	1	0	1	1	1	1	7	1.75	0	0	0	0	0	0	0	0	0	0	0	0	0	0	0	0	0	0	0	0	0	0	0	0	0	0	0	0	0	0	1	0	0	0	0	1	0	0	0	1	0	0	0	0	0	0	0	0	0	0	0	0	0	0	0	0	0	0	0	0	0	0	0	0	0	0	0	0	0	0	0	1	0	0	0	0	0	0	0	0	0	0	0	0	0	0	0	0	0	0	0	0	0	0	0	0	0	0	0	0	0	0	0	0	0	0	0	0	0	0	0	0	0	0	0	0	0	0	0	0	0	0	0	0	0	0	0	0	0	0	0	0	0	0	1	0	0	0	1	0	0	0	0	0	0	0	0	0	0	1	0	0	0	0	0	0	0	0	0	0	0	0	0	0	1	0	0	0	0	0	0	0	1	0	0	0	0	0	0	0	0	0	0	0	0	0	0	0	0	0	0	0	0	0	0	0	0	0	0	0	0	0	0	0	0	0	0	0	0	1	0	0	0	0	0	0	0	0	0	0	0	0	0	0	0	0	0	0	0	0	0	0	0	0	0	0	0	0	0	0	0	0	0	0	0	0	0	0	0	0	0	0	0	0	0	0	0	0	0	0	1	0	0	0	0	0	0.0005939271	0.0109391417	0	0	0	3	16.1653688436	28.0111743934	2.6667324716	0	0.4545454545	0.5222203609	0	0	0.2514213897	0.2866123945	0	16.2633333333	20.0914285714	0	25.6569085173	21.2217471884	0	1.8565333333	1.3340742857	0	2.6666666667	2.5714285714	0	0.3333333333	0.5214285714	0	3	2.1142857143	0	1.6666666667	1.8	0	0.1666666667	1.6742857143	0	2.8333333333	2.4442857143	0	0.3333333333	0.2	23.0791424831	1.1561204806
37	1_37_1	90.2267581888	2.7368421053	2.8421052632	2.5849439944	1.4539473684	1.7631578947	1.227663566	0.8371052632	0.8968421053	1.4616374314	2.4096052632	2.2915789474	1.7825687753	0.2302631579	0.5263157895	0.4792508159	0.3293712754	0.386909497	0.3541094788	24.4564933273	21.7210526316	17.6483874462	22.1769943937	24.3074620511	15.6018158199	3.6342815789	5.1661684211	6.5238710231	2.5526315789	2.5263157895	2.302299531	0.2368421053	0.5789473684	0.6988908199	stable	46	1	0.8087097599	1	1	1	0	1	1	1	1	7	48.5	0	0	0	0	0	0	0	0	0	0	0	0	0	0	0	0	0	0	0	0	0	0	0	0	0	0	0	0	0	0	1	0	0	0	0	0	0	0	0	1	0	0	0	0	0	0	0	0	0	0	0	0	0	0	0	0	0	0	1	0	0	0	0	0	0	0	0	0	0	0	0	1	0	0	0	0	0	0	0	0	0	0	1	0	0	0	1	0	1	0	0	0	0	0	0	0	0	0	0	0	0	0	0	0	0	0	1	0	0	0	0	0	0	0	0	0	0	0	0	1	0	0	0	0	0	0	0	0	0	0	0	0	0	0	0	0	0	0	0	0	0	0	0	0	0	0	0	0	0	0	0	0	0	0	0	0	0	0	0	1	0	0	0	0	0	0	1	0	0	0	0	0	0	0	0	1	0	0	0	0	0	0	0	1	0	0	0	0	0	0	0	0	0	1	0	0	0	0	1	0	0	0	0	0	0	0	0	0	0	0	0	0	0	0	1	0	0	0	0	0	0	0	1	1	0	0	1	0	0	0	1	0	0	0	0	0	0	0	0	0	0	0	0	0	0	0	0	0	0	0	0	0	0	0	1	0	0	0	0	0	0	0	0	0	0	0	0.0054333305	0.0107483472	0	0	0	3	2.2454315582	2.7373638297	6.3656682094	0.4810267229	0.5818181818	0	0	0.4291796598	0.4923028041	0	28.0909090909	22.4111111111	0	18.2520945148	27.6023349436	0	7.0603636364	9.6542222222	0	2.696969697	2.4444444444	0	0.4242424242	1	0	2.8787878788	3	0	1.8636363636	2.1666666667	0	1.1096969697	0.8933333333	0	2.0187878788	2.0044444444	0	0.4242424242	1	0	-9.6096245071	0.1016853867
38	1_37_2	82.4496830428	2.8333333333	2.5945945946	2.6363636364	1.0555555556	1.1013513514	1.1818181818	0.7178703704	0.8270945946	1.2009090909	2.5837037037	1.9257432432	1.695	0.037037037	0.1486486486	0.3939393939	0.3309491966	0.3897422059	0.3225466238	18.2692243685	16.3451854582	20.0637045455	24.4521729651	23.5311546979	18.0434290162	0.6947181481	1.7710672973	5.4075212121	2.2037037037	2.1756756757	2.2424242424	0.037037037	0.2162162162	0.5378787879	increase	57	1	0.4248912135	1	1	1	0	1	1	1	1	7	54.5	0	0	0	0	0	0	0	0	0	0	0	0	0	0	0	0	0	0	0	0	0	0	0	1	0	0	0	0	0	0	1	0	0	0	1	0	0	0	0	1	1	0	0	0	0	0	0	0	0	0	0	0	0	0	0	0	0	0	1	0	0	0	0	0	1	0	1	0	0	0	0	0	0	0	0	0	0	0	0	0	0	0	0	0	0	0	1	0	0	0	0	0	0	0	0	0	0	0	0	0	0	0	0	0	0	0	0	0	0	0	1	0	0	0	0	0	0	0	0	1	1	0	0	0	0	0	0	0	0	0	0	0	0	0	0	0	0	0	0	0	0	0	0	0	0	0	0	0	0	0	0	0	0	0	0	0	0	1	0	1	0	0	0	0	0	0	0	1	0	0	0	0	1	0	0	0	0	0	1	0	0	0	0	1	0	0	0	0	0	0	0	0	0	1	0	0	0	0	0	0	0	0	0	0	0	0	0	1	0	0	0	0	0	0	1	1	0	0	0	1	0	0	0	0	0	0	0	0	0	0	0	0	0	0	0	1	0	0	0	0	0	0	0	0	0	0	0	0	0	0	0	1	0	0	0	0	0	0	0	0	0	0	0	0	0	0	0.0156449134	0.0133155722	0	0	0	3	2.2212174986	6.310535612	11.4349927612	0.1567332719	0.1878287002	0.7954080066	0	0.2898099427	0.5660120845	0.2374131613	15.2444444444	17.85	23.8166666667	20.4470855379	29.11	23.03938898	0.7050222222	2.0038	0.5141666667	2.1111111111	2	2.3333333333	0	0.5	0.125	2.8888888889	2.5	2.1666666667	1.0555555556	1.25	1	1	0.6325	1.84	2.6111111111	1.75	1.295	0	0.5	0	-2.6949907378	-0.4679897024
39	1_38_1	93.2314436002	2.7619047619	2.5333333333	2.5670731707	1.0476190476	1.1333333333	1.2103658537	0.4577380952	1.0206666667	1.4130182927	2.5476190476	2.1583333333	2.0014329268	0.1023829502	0.4	0.4390243902	0.2988047867	0.3782648398	0.4021032278	17.3827521965	16.729	15.6223780488	25.0691047334	15.1365664628	13.520208593	0.6282395238	4.63608	6.3170946341	2.3333333333	2.1333333333	1.9969512195	0.1210100234	0.6666666667	0.8399390244	shrink	38	1	0.4213195559	1	1	1	1	1	0	1	0	6	15.25	0	0	0	0	0	0	0	0	0	0	0	0	0	0	0	0	0	0	0	0	0	0	0	0	0	0	0	0	0	0	1	0	0	0	0	0	0	0	0	1	0	0	0	0	0	0	0	0	0	0	0	0	0	0	0	0	0	0	1	0	0	0	0	0	0	0	0	0	0	0	1	1	0	0	0	0	0	0	0	0	0	0	0	0	0	1	0	0	1	0	0	0	0	0	1	0	0	0	0	0	0	0	0	0	0	0	0	1	0	0	1	0	0	0	0	0	0	0	0	1	0	0	0	0	0	0	0	0	0	0	0	0	0	0	0	0	0	0	0	0	0	0	0	0	0	0	0	0	0	0	0	0	0	0	0	0	0	0	0	1	0	0	0	0	0	0	0	0	0	0	0	0	0	0	0	0	0	0	0	0	0	0	0	0	1	0	1	0	0	0	0	0	0	0	1	0	0	0	0	0	0	0	0	0	0	0	0	0	0	0	0	0	0	0	0	1	0	0	1	0	0	0	0	0	1	0	0	0	0	0	0	0	0	0	0	1	0	0	0	0	0	0	0	0	0	0	0	0	1	0	0	1	0	0	0	0	0	0	0	0	0	0	0	0	0	1	-0.0045592113	0.0041191582	0	0	0	3	19.4107676853	39.343405006	4.1274621841	0.125	0	0.0625299219	0	0.1645781613	0	0.4110749728	26.9235833333	0	18.4105263158	30.659589947	0	11.5273545135	0.6783333333	0	4.4179263158	2.6666666667	0	2.9473684211	0	0	0.9342105263	2.6666666667	0	2.8947368421	0.5	0	2.8421052632	0.7016666667	0	0.2126315789	2.6666666667	0	2.9352631579	0	0	0.8947368421	-17.8847937606	-0.5971368938
40	1_42_1	80.8337247914	2.7122781229	2.5178571429	2.5887561986	1.0658581316	1.125	1.2375538905	0.6320305151	0.8908928571	1.3401049245	2.4631528767	2.6948214286	1.8352360036	0.1087942047	0.40625	0.4428570632	0.2942362224	0.3993650782	0.357177064	20.0065978065	17.9869707593	17.0207672197	22.7564623794	13.8156181388	15.6155477231	1.2874611148	2.640153125	5.7225705587	2.2463790862	1.9821428571	2.2486803996	0.1274574026	0.6919642857	0.6758668397	stable	9	1	0.3835853433	1	1	1	0	1	1	1	0	6	23.33333333	0	0	0	0	0	0	0	0	0	0	0	0	0	0	0	0	0	0	0	0	0	0	0	0	0	0	1	0	0	0	0	0	0	0	0	0	0	0	0	0	0	0	0	1	0	0	0	0	0	0	0	0	0	0	0	0	0	0	0	0	0	0	0	1	0	0	0	0	0	0	0	0	0	0	0	0	0	0	0	0	0	0	0	0	0	0	0	0	1	0	0	0	0	0	0	0	0	0	0	0	0	0	1	0	0	0	0	0	0	0	0	0	0	0	0	0	0	0	0	0	0	0	0	0	1	0	0	0	0	0	0	0	0	0	0	0	0	0	0	0	0	0	0	0	0	0	0	0	0	0	0	0	0	0	0	0	0	0	0	0	0	0	0	0	0	0	0	0	0	0	0	0	0	0	0	0	0	0	0	0	0	0	0	0	0	0	0	0	0	0	0	0	0	0	0	0	0	0	0	0	0	0	0	0	0	0	0	0	0	1	0	0	0	0	0	0	0	0	0	0	0	0	0	0	0	0	0	0	0	0	0	0	0	0	0	0	0	0	0	0	0	1	0	0	0	0	0	0	0	0	0	0	0	0	0	0	0	0	0	0	1	0	0	0	0	0	-0.0060433812	0.0054166708	1	1	1	0	9.5509298329	11.5718927598	6.9685547156	0	0.2752188086	0	0	0	0.2098929446	0	0	24.1810274115	0	0	25.9162422581	0	0	0.56634	0	0	2	0	0	0.0666666667	0	0	2.5333333333	0	0	0.5	0	0	0.5	0	0	1.8333333333	0	0	0.0666666667	0	23.2269302212	0.9444627207
41	1_46_1	98.1660839161	2.7096774194	2.7346938776	2.6621621622	1.0161290323	1.2346938776	1.3614864865	0.5322580645	1.138877551	1.4643581081	2.5322580645	1.9408163265	1.61875	0.1612903226	0.4285714286	0.527027027	0.2997901986	0.3781746646	0.3693731354	20.549811473	16.9829880404	16.8074477109	24.5348657456	16.7855132636	14.4436351636	1.1043651613	4.1287534694	5.6583648649	2.2903225806	2.2857142857	2.3378378378	0.1935483871	0.5867346939	0.8125	stable	24	1	0.0379645783	1	1	1	0	1	0	1	0	5	1.5	0	0	0	0	0	0	0	0	1	0	0	0	0	0	0	0	0	0	0	0	0	0	0	0	0	0	1	0	0	0	1	0	0	0	0	0	0	0	0	1	0	0	0	0	0	0	0	0	0	0	0	0	0	0	0	0	0	0	1	0	0	0	0	0	0	0	0	0	0	0	1	1	0	0	0	0	0	0	0	0	0	0	1	0	0	0	0	0	1	0	0	0	0	0	0	0	0	0	0	0	0	0	0	0	0	0	1	0	0	0	0	0	0	0	1	0	0	0	0	0	0	0	0	0	0	0	1	0	0	0	0	0	0	0	0	0	0	0	0	0	0	0	0	0	0	0	0	0	0	0	0	0	0	0	0	0	0	0	0	1	0	0	0	0	0	0	0	0	0	0	0	0	0	0	0	0	0	0	0	0	0	0	0	0	1	0	1	0	0	0	0	0	0	0	0	0	0	0	0	1	0	0	0	0	0	0	0	0	0	1	0	0	0	0	0	0	0	0	0	0	0	0	0	0	0	0	1	0	0	0	0	0	0	0	0	0	0	0	0	0	0	0	0	0	0	0	0	0	1	0	0	0	0	0	0	0	0	0	0	0	0	0	0	0	0	0	-0.0013781174	0.0062653994	0	0	0	3	17.5251297399	16.7060936451	9.4827096914	0.303030303	0.1818181818	0.124567474	0	0.3477681268	0.3925384742	0.2486392978	22.975	23	24.5538461538	38.48625	37.49	22.555702286	2.8332	3.0646666667	0.6288461538	2.25	2	2.6153846154	0.75	0.8333333333	0.2884615385	3	2.8333333333	2.2307692308	1.125	1.25	1.5	0.375	0.4166666667	1.7846153846	2.625	2.4166666667	2.5269230769	0.75	0.8333333333	0	-21.3839548609	-0.5326428847
42	1_48_1	91.5091510474	2.1666666667	2.5925925926	2.5546875	0.4166666667	1.037037037	1.10546875	0.8083333333	0.9244444444	1.1573046875	1.6944444444	2.2292592593	2.0092578125	0.0555555556	0.4074074074	0.3984375	0.3684711494	0.3231973205	0.384551879	25.025	21.2907407407	16.59375	17.5697384879	18.7500764955	15.3226792665	0.74548	2.7429925926	5.472721875	1.7222222222	2.2777777778	1.93359375	0.0555555556	0.5185185185	0.755859375	stable	38	1	0.8016989739	1	1	1	1	1	0	0	0	5	27	0	0	0	0	0	0	0	0	0	0	0	0	0	0	0	0	0	0	0	0	0	0	0	0	0	0	1	0	0	0	0	0	0	0	0	1	0	0	0	1	0	0	0	0	0	0	0	0	1	0	0	0	0	0	0	1	0	0	0	0	0	1	0	0	1	0	0	0	0	0	0	1	0	0	0	0	0	0	0	0	0	0	0	0	0	1	0	1	0	1	0	0	0	0	0	0	1	1	0	0	0	0	0	0	0	0	0	0	0	0	0	0	0	0	0	0	0	0	0	0	0	0	0	0	0	0	0	0	0	0	0	0	0	0	1	0	0	0	0	0	0	0	0	0	0	0	1	0	0	0	0	0	0	0	0	0	0	0	0	0	0	0	0	0	0	0	0	0	0	0	0	0	0	0	0	0	0	0	0	0	0	0	0	0	0	0	1	0	0	0	0	0	0	0	0	0	0	0	0	0	0	0	0	0	0	0	0	0	0	0	0	0	0	0	0	0	0	0	0	1	0	1	1	0	0	0	1	0	0	0	1	1	0	0	0	0	0	0	0	0	0	0	0	0	0	0	0	0	1	0	1	0	0	0	0	0	0	0	0	0	0	0	0	0	0	0	0.001114648	0.05997346	0	0	0	3	2.1695689907	14.283729024	7.2339026896	0	0	0.0352312048	0	0	0	0.4177996323	0	0	19.0266666667	0	0	10.6878607503	0	0	4.6183466667	0	0	3	0	0	0.9333333333	0	0	3	0	0	2.9	0	0	0.0666666667	0	0	3	0	0	0.9333333333	23.456218173	-0.4268173856
43	1_5_1	98.8909090909	2.6865079365	2.5806451613	2.5820651323	1.1031746032	1.3225806452	1.1805387654	0.4402380952	0.6682258065	1.3279140937	2.5021428571	2.3685483871	1.8503956646	0.0396825397	0.2903225806	0.426333357	0.2845658333	0.3283488473	0.352116397	20.6985625874	18.5123469624	17.0902807193	21.0221616048	17.945950382	15.9493283172	0.685352381	2.6854554839	5.0797481124	2.0793650794	2.0322580645	2.2247055172	0.0396825397	0.3870967742	0.6506702111	stable	17	1	0.4894498304	1	1	1	0	1	0	0	0	4	0	0	0	0	0	0	0	0	0	0	0	0	0	0	0	0	0	0	0	0	0	0	0	0	0	0	1	0	0	0	0	1	0	0	0	0	1	0	0	0	1	0	0	0	0	0	0	1	0	0	0	0	1	0	0	0	0	0	0	1	0	0	0	0	1	0	0	0	0	0	0	1	1	0	0	0	0	0	0	0	0	0	0	0	0	0	0	0	0	1	0	0	0	0	0	0	0	0	0	0	1	0	0	0	0	0	0	0	0	0	0	0	0	0	0	0	0	0	0	0	0	0	0	0	0	0	0	0	0	0	0	0	0	0	0	1	0	0	0	1	0	0	1	0	0	0	0	0	0	0	0	0	0	0	0	0	0	0	0	0	0	0	0	0	0	0	0	0	1	0	0	0	0	0	0	0	0	0	0	0	0	0	0	0	0	0	0	0	0	0	0	0	0	0	0	0	0	0	0	0	0	0	0	0	0	0	0	0	0	0	0	0	0	0	0	0	0	0	0	0	0	0	0	0	0	0	0	0	0	0	0	0	0	0	0	0	0	0	0	0	0	0	0	0	0	0	0	0	0	1	0	0	0	0	0	0	0	0	0	0	0	0	0	0	0	0	0	0.0075979488	0.0110644299	0	0	0	3	3.7963043628	16.0568151894	8.8988871372	0	0.5741690057	0	0	0	0.2728536676	0	0	25.92	0	0	32.772	0	0	1.606672	0	0	2	0	0	0.4	0	0	2.6	0	0	0.9	0	0	0.2	0	0	2.4	0	0	0.4	0	23.2783915407	0.3814505791
44	1_50_1	91.836058129	2.7611940299	2.6666666667	2.6073619632	1.1343283582	1.2916666667	1.1226993865	0.8455970149	1.245	1.4090184049	2.567238806	2.0841666667	1.7450306748	0.0895522388	0.3333333333	0.3312883436	0.2436431444	0.3463742252	0.3636839286	18.7171626754	18.0323111053	15.7239086763	24.5563699089	16.607362691	14.3361192253	1.6637883582	3.1424516667	4.6737539877	2.3955223881	2.3333333333	2.0122699387	0.1044776119	0.4166666667	0.6779141104	shrink	110	1	1.036438976	1	1	1	0	1	1	1	1	7	26	0	0	0	0	1	0	0	0	1	0	1	0	0	0	1	0	0	0	0	0	0	0	0	1	0	0	1	1	0	1	1	0	0	0	0	0	0	0	0	1	0	0	0	0	0	0	0	0	0	0	0	0	0	0	0	1	1	0	1	0	0	0	0	0	1	0	0	0	0	1	0	0	0	0	0	0	0	0	0	0	0	1	1	0	0	1	1	0	1	0	0	0	0	1	0	0	0	0	0	0	0	0	0	0	0	0	1	0	0	0	0	0	0	1	0	0	0	0	0	1	1	0	0	0	0	0	0	0	0	0	0	0	0	0	0	1	0	0	0	0	0	1	0	0	0	0	0	0	0	0	1	0	0	0	0	0	0	1	0	1	0	1	0	0	0	1	0	0	0	0	0	0	1	0	0	0	0	1	1	0	0	0	0	1	0	0	0	0	0	0	0	1	0	1	0	0	1	0	0	1	0	0	0	0	0	1	0	1	1	1	0	0	0	0	0	0	0	0	1	1	0	0	0	0	0	0	0	1	0	0	0	0	0	1	0	0	0	0	0	0	1	0	0	0	0	0	0	0	1	0	0	0	0	0	0	0	0	0	0	0	0	0	0	0	0	1	-0.0070807613	0.0048546705	0	0	0	3	32.3667878075	25.2979348233	2.0691867603	0.8371800284	0	0.0660447801	0	0.2886315582	0	0.1392769543	18.12415	0	18.3958333333	23.5676523464	0	16.3218199233	2.462028	0	1.6782333333	2.2	0	2.8333333333	0.1	0	0.125	2.8	0	2.6666666667	0.9	0	0.625	1.0595	0	1.9233333333	2.6385	0	1.6283333333	0.1	0	0	-7.0045900804	-1.2501466411
45	1_50_2	103.4414483821	2.6913580247	2.6616541353	2.6460176991	1.037037037	1.2593984962	1.2920353982	0.8391358025	1.1942481203	1.3109734513	2.4359259259	1.9184962406	1.6921238938	0.1234567901	0.3759398496	0.3628318584	0.2512469854	0.3693665144	0.3553681621	18.2491092335	16.0448190498	15.6028567123	26.5269899902	14.4377143768	12.7382038241	1.5192355556	2.8921651128	3.8224389381	2.3209876543	2.2030075188	2.2300884956	0.1450617284	0.5902255639	0.6305309735	shrink	92	1	0.4990402411	1	1	1	0	1	1	1	1	7	8.5	0	0	0	0	1	0	0	0	0	0	1	0	0	1	0	0	0	0	0	0	0	0	0	1	0	0	1	1	0	0	1	0	0	0	0	0	0	0	0	1	0	0	1	0	0	0	0	0	0	0	0	0	0	0	0	1	1	0	1	0	0	0	0	0	1	0	0	0	0	1	0	1	0	0	0	0	0	0	0	0	0	1	1	0	0	1	1	1	1	0	0	0	1	0	0	0	0	0	0	0	0	0	0	0	0	0	1	0	0	0	0	0	0	1	0	1	1	0	0	0	0	0	0	0	0	0	0	0	0	0	0	0	0	0	0	0	0	0	0	0	0	1	0	0	0	0	0	0	0	0	0	0	0	0	0	0	0	0	0	1	0	1	0	0	0	0	0	0	0	0	0	0	1	0	0	0	0	0	1	0	0	0	0	1	0	0	0	0	0	0	0	0	0	1	0	0	1	0	0	1	0	0	0	0	1	0	1	1	0	1	0	0	0	0	0	0	0	0	1	1	0	0	0	0	0	0	0	0	0	1	0	0	0	1	0	0	0	0	0	0	0	0	0	0	0	0	0	0	1	0	0	0	0	0	0	0	0	0	0	0	0	0	0	0	0	1	-0.0070807613	0.0048546705	0	0	0	3	50.4824445422	33.8432170429	13.81851977	1.2055618038	0.2488475881	0.0463837938	0	0.2305431063	0.2129178338	0.1748628968	16.5465681818	22.97	16.54	30.4063636364	25.0886346625	19.8461539994	0.9301018182	1.01152	1.18936	2.1818181818	2.5	2.6	0.0909090909	0.2	0.3	2.7272727273	2.7	2.2	0.5909090909	0.55	0.9	0.8013636364	0.6	2.216	2.6818181818	1.1	1.708	0.0909090909	0.2	0	-11.157482093	-1.2501466411
46	1_53_1	76.0751070178	2.6329113924	2.7619047619	2.5766192981	1.1518987342	1.3333333333	1.2305876266	0.9919620253	1.0210714286	1.502130594	2.1067721519	2.0539880952	1.7692238281	0.253164557	0.4404761905	0.4740231104	0.3308495323	0.3554318751	0.3548076939	20.9091837069	21.0899276973	17.3291490501	21.6320546197	20.2920705143	15.9392329774	3.616618481	5.7777904762	6.5624948449	2.4430379747	2.5714285714	2.2979632867	0.2784810127	0.4880952381	0.6866980983	fluct	52	1	1.3599683297	1	1	1	0	1	1	1	0	6	44.75	0	0	0	0	0	1	0	0	0	0	0	0	0	0	0	0	0	0	0	0	0	0	0	0	0	0	1	0	1	0	1	0	0	0	0	0	0	0	0	0	0	0	0	0	0	0	0	0	0	0	0	0	0	0	0	0	0	0	1	0	0	0	0	0	1	0	0	0	0	0	1	0	0	0	0	1	0	0	0	0	0	0	0	0	0	0	0	1	1	0	0	0	0	0	0	0	0	0	0	0	0	0	0	0	0	1	1	0	0	0	0	0	0	0	0	0	1	0	0	0	0	0	0	0	0	0	0	0	1	0	0	0	0	0	0	1	0	0	0	0	0	0	0	0	0	0	0	0	0	1	0	0	0	0	0	0	0	0	0	0	0	0	0	0	0	1	0	0	0	0	0	0	1	0	0	0	1	0	0	0	0	0	0	1	0	1	0	0	0	0	0	0	0	0	0	0	0	0	0	1	0	0	0	0	0	0	1	1	0	0	0	0	0	0	0	0	0	0	1	0	0	1	1	0	0	0	0	0	0	0	0	0	0	0	0	0	0	0	0	0	0	0	0	0	0	0	0	0	0	0	0	0	0	0	0	0	0	0	0	0	0	0	0	0	0	0	-0.030461223	0.1243854976	1	1	1	0	6.7930192704	6.9909444025	6.4963141456	1.0978903968	0.7272727273	0	1	0.382422932	0.4998376335	0	24.7396551724	22.575	0	21.3699945726	26.2913768115	0	4.4076137931	10.4038	0	2.3793103448	2.5	0	0.4137931034	1	0	2.724137931	3	0	1.5172413793	2.25	0	0.9456896552	0.9425	0	1.9456896552	1.9425	0	0.4137931034	1	0	-9.5222544549	0.3149193906
47	1_53_2	76.4966618091	2.6396396396	2.7391304348	2.5772564025	1.1171171171	1.3695652174	1.220291637	1.1631081081	0.8854347826	1.4973140493	1.9022972973	2.2145652174	1.7864418824	0.2612612613	0.3913043478	0.4690429224	0.3620936896	0.3790811795	0.3554641968	21.3610816313	20.4739130435	17.2672138023	18.0891029072	21.303511424	16.0586375145	7.0636578378	5.9077217391	6.6402324743	2.3873873874	2.5217391304	2.2919862922	0.3963963964	0.4347826087	0.6815290538	stable	41	1	1.6341458901	1	1	1	0	1	0	0	0	4	50.5	0	0	0	0	0	0	0	0	0	0	0	0	0	0	0	0	0	0	0	0	0	0	0	1	0	0	1	0	1	0	1	0	0	0	0	0	1	0	0	0	0	0	0	0	0	0	0	0	0	0	0	0	0	0	0	0	0	0	1	0	0	0	0	0	1	0	0	0	0	0	0	0	0	0	0	0	0	0	0	0	0	0	0	0	0	0	0	1	1	0	0	0	0	0	0	0	0	0	0	0	0	0	0	0	0	1	0	0	0	0	0	0	0	0	0	0	0	0	0	1	0	0	0	0	0	0	0	0	0	0	0	0	0	0	0	1	0	0	0	0	0	0	0	0	0	0	0	1	0	1	0	0	0	0	0	0	0	0	0	0	0	0	0	0	0	1	0	0	0	0	0	0	1	0	0	0	0	0	0	0	0	0	0	1	0	1	1	0	0	0	0	0	0	0	0	0	0	0	0	1	0	0	0	1	0	0	1	1	0	1	0	0	0	0	0	0	0	0	1	0	0	0	1	0	0	0	0	0	0	0	0	0	0	0	0	0	0	0	0	0	0	0	0	0	0	0	0	0	0	0	0	1	0	0	0	0	0	0	0	0	0	0	0	0	0	0	-0.0091707867	0.0663897954	1	1	1	0	5.2212291933	3.6800423638	6.9080801687	0.6284300479	0.4363636364	0	0	0.3933819098	0.5167909996	0	28.1448717949	22.94375	0	20.3406360526	23.3417210144	0	6.7978153846	12.09035	0	2.7948717949	2.625	0	0.4871794872	1	0	2.9743589744	3	0	1.9615384615	2.4375	0	1.0514102564	1.053125	0	2.3078205128	1.803125	0	0.4871794872	1	0	-10.9418967746	0.7095368616
48	1_57_1	74.0225634252	2.74375	2.7	2.5864820659	1.121875	1.1	1.20875149	0.816375	1.165	1.4850279511	2.5596875	2.1475	1.7700756207	0.08125	0.6	0.4541117613	0.2521660688	0.3348244408	0.3576535543	18.5380818877	19.07	17.0355600112	21.7352432972	17.7315633995	15.5876575486	1.165951375	5.13796	6.4133210539	2.3375	2.25	2.2678598038	0.0875	0.7	0.6828858552	stable	51	1	3.6685857355	1	1	1	0	1	1	0	0	5	44.25	0	0	0	0	0	0	1	0	0	0	0	0	0	0	1	0	0	0	0	0	0	0	0	0	0	0	1	0	0	0	1	0	0	0	0	0	0	0	0	0	0	0	0	0	0	0	0	0	0	0	0	0	0	0	0	0	0	0	1	0	0	0	0	0	1	0	0	0	0	0	1	1	0	0	0	0	0	0	0	0	0	0	1	0	0	0	0	1	1	0	0	0	0	0	0	0	0	0	0	0	0	0	0	0	0	0	1	0	0	0	0	0	0	0	0	0	0	0	0	0	0	0	0	0	0	0	0	0	0	0	0	0	0	0	0	0	0	0	0	0	0	0	0	0	0	0	0	0	0	0	0	0	0	0	0	0	0	0	0	0	0	0	1	0	0	1	0	0	0	0	0	0	1	0	0	1	0	0	0	0	0	0	0	1	0	0	1	0	0	0	0	0	0	0	0	0	0	0	0	1	0	0	0	0	0	0	0	0	0	1	0	0	0	0	0	0	0	0	1	0	0	0	0	0	0	0	0	0	0	0	0	0	0	0	0	0	0	0	0	0	0	0	0	0	0	0	0	0	0	0	0	1	0	0	0	0	0	0	0	0	0	0	0	0	0	0	-0.0241823946	0.0400512718	1	1	1	0	4.3704369852	18.6197227521	6.4599620013	0.1246180554	0	0	1	0.327485188	0	0	29.4058823529	0	0	22.8992338528	0	0	3.5253176471	0	0	2.7647058824	0	0	0.3529411765	0	0	3	0	0	1.6764705882	0	0	0.9276470588	0	0	2.6923529412	0	0	0.3529411765	0	0	-13.6697498388	0.446542434
49	1_58_1	104.6666666667	2.5555555556	2.6367176307	2.4295302013	0.8888888889	1.2101987396	0.9832214765	1.0983333333	1.0647090773	1.471409396	1.7233333333	2.1007780537	1.7008724832	0.3333333333	0.3672991634	0.2818791946	0.3300766009	0.3467164365	0.327798503	19.4444444444	18.5610241654	16.0605082569	21.0666666667	18.0888328059	20.5651916729	5.5307555556	4.0242358929	5.3168092617	2.2222222222	2.2793907223	2.1879194631	0.5555555556	0.4997230073	0.5318791946	stable	43.294557895	0.999999998	0.7808206563	0.9831151989	0.9831151989	0.9831151989	0.1737966493	0.762119629	0.4073168278	0.6461564015	0.4639444885	5.4026795928	32.6328537092	0	0	0	0	0	0	0	0	0	0	0	0	0	0	0	0	0	0	0	0	0	0	0	0	0	0	0	0	0	0	0	0	0	0	0	0	0	0	0	0	0	0	0	0	0	0	0	0	0	0	0	0	0	0	0	0	0	0	0	0	0	0	0	0	0	0	0	0	0	0	0	0	0	0	0	0	0	0	0	0	0	0	0	0	0	0	0	0	0	0	0	0	0	0	0	0	0	0	0	0	0	0	0	0	0	1	0	0	0	0	0	0	0	0	0	0	0	0	0	0	0	0	0	0	0	0	0	0	0	0	0	0	0	0	0	0	0	0	0	0	0	0	0	0	0	0	0	0	0	0	0	0	0	0	0	0	0	0	0	0	0	0	0	0	0	0	0	0	0	0	0	0	0	0	0	0	0	0	0	0	0	0	0	0	0	0	0	0	0	0	0	0	0	0	0	0	0	0	0	0	0	0	0	0	0	0	0	0	0	0	0	0	0	0	0	0	0	0	0	0	0	0	0	0	0	0	0	0	0	0	0	0	0	0	0	0	0	0	0	0	0	0	0	0	0	0	0	0	0	0	0	0	0	0	0	0	0	0	0	0	0	0	0	0	0	0	-0.0031481334	0.017557147	0	0	0	3	16.1964739617	15.6768526754	7.4094402228	0	0	0.1136276182	0	0	0	0.2481975773	0	0	14.6368421053	0	0	26.7063504449	0	0	0.1863157895	0	0	2.1052631579	0	0	0.5526315789	0	0	1.3684210526	0	0	1.3421052632	0	0	2.6610526316	0	0	1.62	0	0	0	23.2530520658	1.0934732133
50	1_6_1	97.5341945289	2.8	2.6070456799	2.472392638	0.975	1.185544362	0.972392638	0.2765	1.0253079344	1.5061349693	2.5135	2.1434763856	1.8608588957	0.15	0.3567891337	0.4785276074	0.2698595345	0.3477630126	0.3551482365	20.4116666667	18.3994237168	17.0636410429	20.0764472299	17.9597117475	14.5907227838	0.433288	3.7111541113	4.8845911656	2.1	2.2384846883	1.9693251534	0.15	0.5099361156	0.754601227	stable	46	1	0.5447742532	1	1	1	0	1	0	0	0	4	14.75	0	0	0	0	0	0	0	0	0	0	0	0	0	0	0	0	0	0	0	0	0	0	0	0	0	1	1	0	0	0	1	0	0	0	0	1	0	0	0	1	0	0	0	0	1	0	0	0	0	0	0	0	0	0	0	0	0	1	1	0	0	0	0	1	0	0	0	0	0	0	0	1	0	0	0	0	0	0	0	0	0	0	0	0	0	0	0	1	0	0	0	0	0	0	0	0	0	0	1	1	0	0	0	0	0	0	0	0	0	0	0	0	0	0	0	0	0	0	0	0	0	0	0	0	1	0	0	0	0	0	0	0	0	0	1	0	1	0	1	0	0	0	0	0	0	0	0	0	0	0	0	0	0	0	0	0	0	0	0	0	0	0	0	0	0	0	0	0	0	0	0	0	1	0	0	0	0	0	0	0	0	0	0	0	0	0	1	0	0	0	0	0	0	0	0	0	0	0	0	0	0	0	0	0	0	0	0	1	0	1	0	0	0	0	0	0	0	0	0	0	0	0	0	0	0	0	0	0	0	0	0	0	0	0	0	0	0	0	0	0	0	0	0	0	0	1	0	0	0	0	0	0	0	0	0	0	0	0	0	0	0	0	0	0	0	0	0.0014171418	0.0133167512	0	0	0	3	7.7446590569	14.645197567	6.3049989767	0	0	0.0595041322	0	0	0	0.2507181613	0	0	18.0666666667	0	0	25.233786079	0	0	0.3566666667	0	0	2.3333333333	0	0	0.5	0	0	1.6666666667	0	0	1.5	0	0	2.36	0	0	2.18	0	0	0	23.3489257809	1.1561204806
51	1_63_5	97.6572706329	2.7	2.6933333333	2.6044776119	0.845	1.1066666667	1.3358208955	0.55755	0.8624	1.3128731343	2.5055	2.0828666667	1.7550746269	0.02	0.2533333333	0.3507462687	0.2221171063	0.3696337883	0.3357022964	19.3781104558	16.5182928167	18.261354132	31.4715585624	18.8283455413	16.8057543302	0.6274628	3.7942386667	4.0879156716	2.44	2.2	2.2164179104	0.02	0.46	0.546641791	stable	52	1	0.2394680007	1	1	1	0	0	0	1	1	5	8.75	0	0	0	0	0	0	0	0	0	0	0	0	0	0	0	0	0	0	0	0	0	0	0	0	0	0	1	1	0	0	1	0	0	0	0	0	0	0	0	1	0	0	0	0	0	0	0	0	0	0	0	0	0	0	0	0	0	0	1	0	0	0	0	0	1	0	0	0	0	0	1	1	0	0	0	0	0	0	0	0	0	0	1	0	0	1	1	0	1	0	0	0	0	0	0	0	0	0	0	0	0	0	0	0	0	0	1	0	0	0	1	0	0	0	1	0	0	0	0	1	0	0	0	0	0	0	1	0	0	0	0	0	0	0	0	0	0	0	0	0	0	0	0	0	1	0	0	0	0	0	0	0	0	0	0	0	0	0	0	1	0	0	0	0	0	0	0	0	0	0	0	0	1	0	0	0	0	0	1	0	0	0	0	0	1	0	1	0	0	0	0	1	0	0	0	0	0	0	0	0	0	0	0	0	0	0	0	0	0	1	0	0	0	0	1	0	0	0	1	1	0	0	0	0	0	0	0	0	0	0	0	0	0	0	1	0	0	0	0	0	0	0	0	0	0	0	0	0	1	0	0	0	0	0	0	0	0	0	0	0	0	0	0	0	0	0	-0.0308437814	0.0546868454	0	0	0	3	45.6405638355	18.030024453	9.0728108017	1.1984260998	0.5565862709	0.5559255742	1	0.1676995757	0.3243359104	0.2294550631	20.8362115385	26.2818181818	20.6136363636	32.1525976801	36.4536363636	22.6505947298	0.4822692308	2.0405090909	0.6175818182	2.6153846154	2	2.4545454545	0	0.5454545455	0.2727272727	2.8461538462	2.5454545455	2.0454545455	0.5384615385	0.8181818182	1.1818181818	0.4696153846	0.2727272727	2.0145454545	2.7692307692	2.2727272727	1.78	0	0.5454545455	0	-15.5722611055	-1.8629193717
52	1_71_1	96.3637162311	2.6857142857	2.6340425532	2.5962359321	0.8142857143	1.185106383	1.2161653425	0.5685714286	0.9349787234	1.3520606172	2.4934285714	2.2394468085	1.8294766651	0.0571428571	0.4	0.4326984336	0.2424939349	0.3481483789	0.3570257198	21.0818033359	18.0756230876	16.9909353302	26.0410638344	16.6489181083	15.3585351702	0.5376445714	3.3812650213	5.6531416248	2.2571428571	2.2468085106	2.2382574566	0.0571428571	0.5053191489	0.6780889517	fluct	32	1	0.293081533	1	1	1	0	1	1	1	0	6	7	0	0	0	0	0	0	0	0	0	0	0	0	0	1	0	0	0	0	0	0	0	0	0	0	0	0	0	0	0	0	1	0	0	0	0	1	0	0	0	1	0	0	0	0	1	0	0	0	1	0	0	0	1	0	0	0	0	0	0	0	0	0	0	0	0	0	0	0	0	1	0	1	0	0	0	0	0	0	0	0	0	0	0	0	0	0	1	0	1	0	0	0	0	0	0	0	0	0	0	0	0	0	0	0	0	0	1	0	0	0	0	0	0	0	0	0	0	0	0	0	0	0	0	0	0	0	0	0	0	0	0	0	0	0	0	0	0	0	0	1	0	0	0	0	0	0	0	0	0	0	0	0	0	0	0	0	0	0	0	0	0	0	0	0	0	0	0	0	0	0	0	0	0	0	0	0	0	0	0	0	0	1	0	0	0	0	0	0	0	0	0	0	0	0	0	0	0	0	0	0	0	0	0	0	0	0	0	0	0	1	0	0	0	0	0	0	0	0	1	0	0	0	0	0	0	0	0	0	0	0	0	0	0	0	0	0	0	0	0	0	0	0	0	0	0	0	0	0	0	0	0	0	0	0	0	0	0	0	0	0	0	0	0	0	0	0	-0.0073786966	0.0874996479	0	0	0	3	11.8626247425	19.3741879483	8.5362210569	0	0.0426136364	0	0	0	0.2133341668	0	0	31.6230769231	0	0	34.7669230769	0	0	0.3736615385	0	0	2	0	0	0.0769230769	0	0	2.0769230769	0	0	0.1153846154	0	0	0.0384615385	0	0	2.0384615385	0	0	0.0769230769	0	22.9317857953	0.6033532801
53	1_98_4	79.3595706619	2.7462686567	2.7692307692	2.5859025095	1.0820895522	1.3461538462	1.2126340768	0.5264925373	1.1496978022	1.3114409955	2.5061940299	2.0804945055	1.8449904432	0.1343283582	0.3516483516	0.4182744942	0.2824865751	0.3967097538	0.3525694171	19.0111920439	17.1353233013	17.0756920631	24.8692106295	17.0283324472	15.6791182524	1.0221829851	4.2583873626	5.1218469536	2.0149253731	2.1758241758	2.2252308508	0.171641791	0.592032967	0.650149636	fluct	55	1	0.3606518345	1	1	1	0	1	1	1	1	7	8.666666667	0	0	0	0	0	0	0	0	0	0	0	0	0	0	0	0	0	0	0	0	0	0	0	0	0	0	1	0	0	0	1	0	0	0	0	1	0	0	0	1	0	0	0	0	1	0	1	0	1	0	0	1	0	0	0	0	0	0	1	0	0	0	0	1	1	0	0	0	0	0	1	1	0	0	0	0	0	0	0	0	0	0	0	0	0	0	1	0	1	0	0	0	0	0	0	0	0	1	0	1	0	0	0	0	0	0	1	0	0	0	0	0	0	0	0	0	0	0	0	0	0	0	0	0	0	0	0	0	0	0	0	0	0	0	1	1	0	0	0	0	0	0	0	0	0	1	0	0	0	0	0	0	0	0	0	0	0	1	0	0	0	0	0	0	0	0	0	0	0	0	0	0	1	0	0	0	0	0	0	0	0	0	0	0	0	0	0	0	0	0	0	0	0	0	0	0	0	0	0	1	0	0	0	0	0	0	0	0	0	0	0	0	0	0	0	0	0	0	0	0	0	0	0	0	0	0	0	0	1	0	0	0	0	0	1	0	0	0	0	0	0	0	0	0	0	0	0	0	0	0	0	0	0	0	0	0	0	0	1	0	1	0	0	0	0	0.1026675208	-0.0041208816	0.0251973372	1	1	1	0	21.9106553389	13.2656519802	10.2165778253	0.5217812708	0.1276876004	0	0	0.2808419949	0.4197900857	0	27.5875	21.3252531454	0	28.9255337804	32.1330444073	0	1.7841	3.5143130435	0	2.375	2.0434782609	0	0.375	0.7826086957	0	3	2.9565217391	0	1.125	1.7608695652	0	0.5625	0.6036956522	0	2.8125	2.5167391304	0	0.375	0.7826086957	0	-17.1156952851	0.1054329935
